"player","player_fuzzy_cricketdata","team","merge_team","season","player_fuzzy_ipl_contracts"
"A Badoni","A  Badoni","Lucknow Super Giants","lucknow super giants","2022","A  Badoni"
"A Badoni","A  Badoni","Lucknow Super Giants","lucknow super giants","2023","A  Badoni"
"Abdul Basith","A  Basith","Rajasthan Royals","rajasthan royals","2023","A  Basith"
"AR Bawne","A  Bawne","Delhi Daredevils","delhi daredevils","2017","A  Bawne"
"AT Carey","A  Carey","Delhi Capitals","delhi capitals","2020","A  Carey"
"A Choudhary","A  Choudhary","Royal Challengers Bangalore","royal challengers bangalore","2017","A  Choudhary"
"A Dananjaya","A  Dananjaya","Mumbai Indians","mumbai indians","2018","A  Dananlaya"
"Akash Deep","A  Deep","Royal Challengers Bangalore","royal challengers bangalore","2022","A  Deep"
"Akash Deep","A  Deep","Royal Challengers Bangalore","royal challengers bangalore","2023","A  Deep"
"AB Dinda","A  Dinda","Rising Pune Supergiants","rising pune supergiants","2017","A  Dinda"
"AJ Finch","A  Finch","Gujarat Lions","gujarat lions","2017","A  Finch"
"AJ Finch","A  Finch","Punjab Kings","punjab kings","2018","A  Finch"
"AJ Finch","A  Finch","Royal Challengers Bangalore","royal challengers bangalore","2020","A  Finch"
"AJ Hosein","A  Hosein","Sunrisers Hyderabad","sunrisers hyderabad","2023","A  Hosein"
"AS Joseph","A  Joseph","Gujarat Titans","gujarat titans","2022","A  Joseph"
"AS Joseph","A  Joseph","Gujarat Titans","gujarat titans","2023","A  Joseph"
"Avesh Khan","A  Khan","Royal Challengers Bangalore","royal challengers bangalore","2017","A  Khan"
"Avesh Khan","A  Khan","Delhi Daredevils","delhi daredevils","2018","A  Khan"
"Avesh Khan","A  Khan","Delhi Capitals","delhi capitals","2019","A  Khan"
"Avesh Khan","A  Khan","Delhi Capitals","delhi capitals","2020","A  Khan"
"Avesh Khan","A  Khan","Delhi Capitals","delhi capitals","2021","A  Khan"
"Aman Hakim Khan","A  Khan","Kolkata Knight Riders","kolkata knight riders","2022","A  Khan"
"Avesh Khan","A  Khan","Lucknow Super Giants","lucknow super giants","2022","A  Khan"
"Aman Hakim Khan","A  Khan","Delhi Capitals","delhi capitals","2023","A  Khan"
"Avesh Khan","A  Khan","Lucknow Super Giants","lucknow super giants","2023","A  Khan"
"Arshad Khan ","A  Khan ","Mumbai Indians","mumbai indians","2023","A  Khan"
"Akash Madhwal","A  Madhwal","Mumbai Indians","mumbai indians","2023","A  Madhwal"
"A Manohar","A  Manohar","Gujarat Titans","gujarat titans","2022","A  Manohar"
"A Manohar","A  Manohar","Gujarat Titans","gujarat titans","2023","A  Manohar"
"AK Markram","A  Markram","Sunrisers Hyderabad","sunrisers hyderabad","2022","A  Markram"
"AK Markram","A  Markram","Sunrisers Hyderabad","sunrisers hyderabad","2023","A  Markram"
"AD Mathews","A  Mathews","Delhi Daredevils","delhi daredevils","2017","A  Mathews"
"AF Milne","A  Milne","Royal Challengers Bangalore","royal challengers bangalore","2017","A  Milne"
"AF Milne","A  Milne","Mumbai Indians","mumbai indians","2021","A  Milne"
"AF Milne","A  Milne","Chennai Super Kings","chennai super kings","2022","A  Milne"
"A Mishra","A  Mishra","Delhi Daredevils","delhi daredevils","2017","A  Mishra"
"A Mishra","A  Mishra","Delhi Daredevils","delhi daredevils","2018","A  Mishra"
"A Mishra","A  Mishra","Delhi Capitals","delhi capitals","2019","A  Mishra"
"A Mishra","A  Mishra","Delhi Capitals","delhi capitals","2020","A  Mishra"
"A Mishra","A  Mishra","Delhi Capitals","delhi capitals","2021","A  Mishra"
"A Mishra","A  Mishra","Lucknow Super Giants","lucknow super giants","2023","A  Mishra"
"AD Nath","A  Nath","Gujarat Lions","gujarat lions","2017","A  Nath"
"AD Nath","A  Nath","Punjab Kings","punjab kings","2018","A  Nath"
"AD Nath","A  Nath","Royal Challengers Bangalore","royal challengers bangalore","2019","A  Nath"
"A Nehra","A  Nehra","Sunrisers Hyderabad","sunrisers hyderabad","2017","A  Nehra"
"A Nortje","A  Nortje","Delhi Capitals","delhi capitals","2021","A  Nortje"
"A Nortje","A  Nortje","Delhi Capitals","delhi capitals","2022","A  Nortje"
"A Nortje","A  Nortje","Delhi Capitals","delhi capitals","2023","A  Nortje"
"AR Patel","A  Patel","Punjab Kings","punjab kings","2017","A  Patel"
"AR Patel","A  Patel","Punjab Kings","punjab kings","2018","A  Patel"
"AR Patel","A  Patel","Delhi Capitals","delhi capitals","2019","A  Patel"
"AR Patel","A  Patel","Delhi Capitals","delhi capitals","2020","A  Patel"
"AR Patel","A  Patel","Delhi Capitals","delhi capitals","2021","A  Patel"
"AR Patel","A  Patel","Delhi Capitals","delhi capitals","2022","A  Patel"
"AR Patel","A  Patel","Delhi Capitals","delhi capitals","2023","A  Patel"
"AM Rahane","A  Rahane","Rising Pune Supergiants","rising pune supergiants","2017","A  Rahane"
"AM Rahane","A  Rahane","Rajasthan Royals","rajasthan royals","2018","A  Rahane"
"AM Rahane","A  Rahane","Rajasthan Royals","rajasthan royals","2019","A  Rahane"
"AM Rahane","A  Rahane","Delhi Capitals","delhi capitals","2020","A  Rahane"
"AM Rahane","A  Rahane","Delhi Capitals","delhi capitals","2021","A  Rahane"
"AM Rahane","A  Rahane","Kolkata Knight Riders","kolkata knight riders","2022","A  Rahane"
"AM Rahane","A  Rahane","Chennai Super Kings","chennai super kings","2023","A  Rahane"
"AS Rajpoot","A  Rajpoot","Kolkata Knight Riders","kolkata knight riders","2017","A  Rajpoot"
"AS Rajpoot","A  Rajpoot","Punjab Kings","punjab kings","2018","A  Rajpoot"
"AS Rajpoot","A  Rajpoot","Punjab Kings","punjab kings","2019","A  Rajpoot"
"AS Rajpoot","A  Rajpoot","Rajasthan Royals","rajasthan royals","2020","A  Rajpoot"
"AU Rashid","A  Rashid","Sunrisers Hyderabad","sunrisers hyderabad","2023","A  Rashid"
"Anuj Rawat","A  Rawat","Rajasthan Royals","rajasthan royals","2021","A  Rawat"
"Anuj Rawat","A  Rawat","Royal Challengers Bangalore","royal challengers bangalore","2022","A  Rawat"
"Anuj Rawat","A  Rawat","Royal Challengers Bangalore","royal challengers bangalore","2023","A  Rawat"
"AT Rayudu","A  Rayudu","Mumbai Indians","mumbai indians","2017","A  Rayudu"
"AT Rayudu","A  Rayudu","Chennai Super Kings","chennai super kings","2018","A  Rayudu"
"AT Rayudu","A  Rayudu","Chennai Super Kings","chennai super kings","2019","A  Rayudu"
"AT Rayudu","A  Rayudu","Chennai Super Kings","chennai super kings","2020","A  Rayudu"
"AT Rayudu","A  Rayudu","Chennai Super Kings","chennai super kings","2021","A  Rayudu"
"AT Rayudu","A  Rayudu","Chennai Super Kings","chennai super kings","2022","A  Rayudu"
"AT Rayudu","A  Rayudu","Chennai Super Kings","chennai super kings","2023","A  Rayudu"
"AS Roy","A  Roy","Mumbai Indians","mumbai indians","2019","A  Roy"
"AS Roy","A  Roy","Kolkata Knight Riders","kolkata knight riders","2022","A  Roy"
"AS Roy","A  Roy","Kolkata Knight Riders","kolkata knight riders","2023","A  Roy"
"AD Russell","A  Russell","Kolkata Knight Riders","kolkata knight riders","2018","A  Russell"
"AD Russell","A  Russell","Kolkata Knight Riders","kolkata knight riders","2019","A  Russell"
"AD Russell","A  Russell","Kolkata Knight Riders","kolkata knight riders","2020","A  Russell"
"AD Russell","A  Russell","Kolkata Knight Riders","kolkata knight riders","2021","A  Russell"
"AD Russell","A  Russell","Kolkata Knight Riders","kolkata knight riders","2022","A  Russell"
"AD Russell","A  Russell","Kolkata Knight Riders","kolkata knight riders","2023","A  Russell"
"Abdul Samad","A  Samad","Sunrisers Hyderabad","sunrisers hyderabad","2020","A  Samad"
"Abdul Samad","A  Samad","Sunrisers Hyderabad","sunrisers hyderabad","2021","A  Samad"
"Abdul Samad","A  Samad","Sunrisers Hyderabad","sunrisers hyderabad","2022","A  Samad"
"Abdul Samad","A  Samad","Sunrisers Hyderabad","sunrisers hyderabad","2023","A  Samad"
"Ankit Sharma","A  Sharma","Rising Pune Supergiants","rising pune supergiants","2017","A  Sharma"
"Abhishek Sharma","A  Sharma","Delhi Daredevils","delhi daredevils","2018","A  Sharma"
"Ankit Sharma","A  Sharma","Rajasthan Royals","rajasthan royals","2018","A  Sharma"
"Abhishek Sharma","A  Sharma","Sunrisers Hyderabad","sunrisers hyderabad","2019","A  Sharma"
"Abhishek Sharma","A  Sharma","Sunrisers Hyderabad","sunrisers hyderabad","2020","A  Sharma"
"Abhishek Sharma","A  Sharma","Sunrisers Hyderabad","sunrisers hyderabad","2021","A  Sharma"
"Abhishek Sharma","A  Sharma","Sunrisers Hyderabad","sunrisers hyderabad","2022","A  Sharma"
"Abhishek Sharma","A  Sharma","Sunrisers Hyderabad","sunrisers hyderabad","2023","A  Sharma"
"Anureet Singh","A  Singh","Punjab Kings","punjab kings","2017","A  Singh"
"Anureet Singh","A  Singh","Rajasthan Royals","rajasthan royals","2018","A  Singh"
"Arshdeep Singh","A  Singh","Punjab Kings","punjab kings","2019","A  Singh"
"Arshdeep Singh","A  Singh","Punjab Kings","punjab kings","2020","A  Singh"
"Anmolpreet Singh","A  Singh","Mumbai Indians","mumbai indians","2021","A  Singh"
"Arshdeep Singh","A  Singh","Punjab Kings","punjab kings","2021","A  Singh"
"Akash Singh","A  Singh","Rajasthan Royals","rajasthan royals","2021","A  Singh"
"Anmolpreet Singh","A  Singh","Mumbai Indians","mumbai indians","2022","A  Singh"
"Arshdeep Singh","A  Singh","Punjab Kings","punjab kings","2022","A  Singh"
"Arshdeep Singh","A  Singh","Punjab Kings","punjab kings","2023","A  Singh"
"Anmolpreet Singh","A  Singh","Sunrisers Hyderabad","sunrisers hyderabad","2023","A  Singh"
"Atharva Taide","A  Taide","Punjab Kings","punjab kings","2023","A  Taide"
"AP Tare","A  Tare","Delhi Daredevils","delhi daredevils","2017","A  Tare"
"Arjun Tendulkar","A  Tendulkar","Mumbai Indians","mumbai indians","2023","A  Tendulkar"
"A Tomar","A  Tomar","Kolkata Knight Riders","kolkata knight riders","2022","A  Tomar"
"AJ Turner","A  Turner","Rajasthan Royals","rajasthan royals","2019","A  Turner"
"AJ Tye","A  Tye","Gujarat Lions","gujarat lions","2017","A  Tye"
"AJ Tye","A  Tye","Punjab Kings","punjab kings","2018","A  Tye"
"AJ Tye","A  Tye","Punjab Kings","punjab kings","2019","A  Tye"
"AJ Tye","A  Tye","Rajasthan Royals","rajasthan royals","2020","A  Tye"
"AB de Villiers","A  Villiers","Royal Challengers Bangalore","royal challengers bangalore","2017","A  Villiers"
"AB de Villiers","A  Villiers","Royal Challengers Bangalore","royal challengers bangalore","2018","A  Villiers"
"AB de Villiers","A  Villiers","Royal Challengers Bangalore","royal challengers bangalore","2019","A  Villiers"
"AB de Villiers","A  Villiers","Royal Challengers Bangalore","royal challengers bangalore","2020","A  Villiers"
"AB de Villiers","A  Villiers","Royal Challengers Bangalore","royal challengers bangalore","2021","A  Villiers"
"A Zampa","A  Zampa","Rising Pune Supergiants","rising pune supergiants","2017","A  Zampa"
"A Zampa","A  Zampa","Rajasthan Royals","rajasthan royals","2023","A  Zampa"
"BCJ Cutting","B  Cutting","Sunrisers Hyderabad","sunrisers hyderabad","2017","B  Cutting"
"BCJ Cutting","B  Cutting","Mumbai Indians","mumbai indians","2018","B  Cutting"
"BCJ Cutting","B  Cutting","Mumbai Indians","mumbai indians","2019","B  Cutting"
"B Indrajith","B  Indrajith","Kolkata Knight Riders","kolkata knight riders","2022","B  Indrajith"
"B Kumar","B  Kumar","Sunrisers Hyderabad","sunrisers hyderabad","2017","B  Kumar"
"B Kumar","B  Kumar","Sunrisers Hyderabad","sunrisers hyderabad","2018","B  Kumar"
"B Kumar","B  Kumar","Sunrisers Hyderabad","sunrisers hyderabad","2019","B  Kumar"
"B Kumar","B  Kumar","Sunrisers Hyderabad","sunrisers hyderabad","2020","B  Kumar"
"B Kumar","B  Kumar","Sunrisers Hyderabad","sunrisers hyderabad","2021","B  Kumar"
"B Kumar","B  Kumar","Sunrisers Hyderabad","sunrisers hyderabad","2022","B  Kumar"
"B Kumar","B  Kumar","Sunrisers Hyderabad","sunrisers hyderabad","2023","B  Kumar"
"B Laughlin","B  Laughlin","Rajasthan Royals","rajasthan royals","2018","B  Laughlin"
"BB McCullum","B  McCullum","Gujarat Lions","gujarat lions","2017","B  McCullum"
"BB McCullum","B  McCullum","Royal Challengers Bangalore","royal challengers bangalore","2018","B  McCullum"
"PBB Rajapaksa","P  Rajapaksa","Punjab Kings","punjab kings","2022","B  Rajapaksa"
"PBB Rajapaksa","P  Rajapaksa","Punjab Kings","punjab kings","2023","B  Rajapaksa"
"Bipul Sharma","B  Sharma","Sunrisers Hyderabad","sunrisers hyderabad","2017","B  Sharma"
"BB Sran","B  Sran","Sunrisers Hyderabad","sunrisers hyderabad","2017","B  Sran"
"BB Sran","B  Sran","Punjab Kings","punjab kings","2018","B  Sran"
"BB Sran","B  Sran","Mumbai Indians","mumbai indians","2019","B  Sran"
"B Stanlake","B  Stanlake","Royal Challengers Bangalore","royal challengers bangalore","2017","B  Stanlake"
"B Stanlake","B  Stanlake","Sunrisers Hyderabad","sunrisers hyderabad","2018","B  Stanlake"
"BA Stokes","B  Stokes","Rising Pune Supergiants","rising pune supergiants","2017","B  Stokes"
"BA Stokes","B  Stokes","Rajasthan Royals","rajasthan royals","2018","B  Stokes"
"BA Stokes","B  Stokes","Rajasthan Royals","rajasthan royals","2019","B  Stokes"
"BA Stokes","B  Stokes","Rajasthan Royals","rajasthan royals","2020","B  Stokes"
"BA Stokes","B  Stokes","Rajasthan Royals","rajasthan royals","2021","B  Stokes"
"BA Stokes","B  Stokes","Chennai Super Kings","chennai super kings","2023","B  Stokes"
"Basil Thampi","B  Thampi","Gujarat Lions","gujarat lions","2017","B  Thampi"
"Basil Thampi","B  Thampi","Sunrisers Hyderabad","sunrisers hyderabad","2018","B  Thampi"
"Basil Thampi","B  Thampi","Sunrisers Hyderabad","sunrisers hyderabad","2019","B  Thampi"
"Basil Thampi","B  Thampi","Sunrisers Hyderabad","sunrisers hyderabad","2020","B  Thampi"
"Basil Thampi","B  Thampi","Mumbai Indians","mumbai indians","2022","B  Thampi"
"CJ Anderson","C  Anderson","Delhi Daredevils","delhi daredevils","2017","C  Anderson"
"CR Brathwaite","C  Brathwaite","Delhi Daredevils","delhi daredevils","2017","C  Brathwaite"
"CR Brathwaite","C  Brathwaite","Sunrisers Hyderabad","sunrisers hyderabad","2018","C  Brathwaite"
"CR Brathwaite","C  Brathwaite","Kolkata Knight Riders","kolkata knight riders","2019","C  Brathwaite"
"CH Gayle","C  Gayle","Royal Challengers Bangalore","royal challengers bangalore","2017","C  Gayle"
"CH Gayle","C  Gayle","Punjab Kings","punjab kings","2018","C  Gayle"
"CH Gayle","C  Gayle","Punjab Kings","punjab kings","2019","C  Gayle"
"CH Gayle","C  Gayle","Punjab Kings","punjab kings","2020","C  Gayle"
"CH Gayle","C  Gayle","Punjab Kings","punjab kings","2021","C  Gayle"
"C de Grandhomme","C  Grandhomme","Royal Challengers Bangalore","royal challengers bangalore","2018","C  Grandhomme"
"C de Grandhomme","C  Grandhomme","Royal Challengers Bangalore","royal challengers bangalore","2019","C  Grandhomme"
"CJ Green","C  Green","Kolkata Knight Riders","kolkata knight riders","2020","C  Green"
"C Green","C  Green","Mumbai Indians","mumbai indians","2023","C  Green"
"CA Ingram","C  Ingram","Delhi Capitals","delhi capitals","2019","C  Ingram"
"CJ Jordan","C  Jordan","Sunrisers Hyderabad","sunrisers hyderabad","2017","C  Jordan"
"CJ Jordan","C  Jordan","Sunrisers Hyderabad","sunrisers hyderabad","2018","C  Jordan"
"CJ Jordan","C  Jordan","Punjab Kings","punjab kings","2020","C  Jordan"
"CJ Jordan","C  Jordan","Punjab Kings","punjab kings","2021","C  Jordan"
"CJ Jordan","C  Jordan","Chennai Super Kings","chennai super kings","2022","C  Jordan"
"CA Lynn","C  Lynn","Kolkata Knight Riders","kolkata knight riders","2017","C  Lynn"
"CA Lynn","C  Lynn","Kolkata Knight Riders","kolkata knight riders","2018","C  Lynn"
"CA Lynn","C  Lynn","Kolkata Knight Riders","kolkata knight riders","2019","C  Lynn"
"CA Lynn","C  Lynn","Mumbai Indians","mumbai indians","2021","C  Lynn"
"CH Morris","C  Morris","Delhi Daredevils","delhi daredevils","2017","C  Morris"
"CH Morris","C  Morris","Delhi Daredevils","delhi daredevils","2018","C  Morris"
"CH Morris","C  Morris","Delhi Capitals","delhi capitals","2019","C  Morris"
"CH Morris","C  Morris","Royal Challengers Bangalore","royal challengers bangalore","2020","C  Morris"
"CH Morris","C  Morris","Rajasthan Royals","rajasthan royals","2021","C  Morris"
"C Munro","C  Munro","Delhi Daredevils","delhi daredevils","2018","C  Munro"
"C Munro","C  Munro","Delhi Capitals","delhi capitals","2019","C  Munro"
"C Sakariya","C  Sakariya","Rajasthan Royals","rajasthan royals","2021","C  Sakariya"
"C Sakariya","C  Sakariya","Delhi Capitals","delhi capitals","2022","C  Sakariya"
"C Sakariya","C  Sakariya","Delhi Capitals","delhi capitals","2023","C  Sakariya"
"CV Varun","C  Varun","Punjab Kings","punjab kings","2019","C  Varun"
"CV Varun","C  Varun","Kolkata Knight Riders","kolkata knight riders","2020","C  Varun"
"CV Varun","C  Varun","Kolkata Knight Riders","kolkata knight riders","2021","C  Varun"
"CV Varun","C  Varun","Kolkata Knight Riders","kolkata knight riders","2022","C  Varun"
"CV Varun","C  Varun","Kolkata Knight Riders","kolkata knight riders","2023","C  Varun"
"CR Woakes","C  Woakes","Kolkata Knight Riders","kolkata knight riders","2017","C  Woakes"
"CR Woakes","C  Woakes","Royal Challengers Bangalore","royal challengers bangalore","2018","C  Woakes"
"CR Woakes","C  Woakes","Delhi Capitals","delhi capitals","2021","C  Woakes"
"DM Bravo","D  Bravo","Kolkata Knight Riders","kolkata knight riders","2017","D  Bravo"
"DJ Bravo","D  Bravo","Chennai Super Kings","chennai super kings","2018","D  Bravo"
"DJ Bravo","D  Bravo","Chennai Super Kings","chennai super kings","2019","D  Bravo"
"DJ Bravo","D  Bravo","Chennai Super Kings","chennai super kings","2020","D  Bravo"
"DJ Bravo","D  Bravo","Chennai Super Kings","chennai super kings","2021","D  Bravo"
"DJ Bravo","D  Bravo","Chennai Super Kings","chennai super kings","2022","D  Bravo"
"D Brevis","D  Brevis","Mumbai Indians","mumbai indians","2022","D  Brevis"
"DL Chahar","D  Chahar","Rising Pune Supergiants","rising pune supergiants","2017","D  Chahar"
"DL Chahar","D  Chahar","Chennai Super Kings","chennai super kings","2018","D  Chahar"
"DL Chahar","D  Chahar","Chennai Super Kings","chennai super kings","2019","D  Chahar"
"DL Chahar","D  Chahar","Chennai Super Kings","chennai super kings","2020","D  Chahar"
"DL Chahar","D  Chahar","Chennai Super Kings","chennai super kings","2021","D  Chahar"
"DL Chahar","D  Chahar","Chennai Super Kings","chennai super kings","2023","D  Chahar"
"PVD Chameera","P  Chameera","Lucknow Super Giants","lucknow super giants","2022","D  Chameera"
"DT Christian","D  Christian","Rising Pune Supergiants","rising pune supergiants","2017","D  Christian"
"DT Christian","D  Christian","Delhi Daredevils","delhi daredevils","2018","D  Christian"
"DT Christian","D  Christian","Royal Challengers Bangalore","royal challengers bangalore","2021","D  Christian"
"DP Conway","D  Conway","Chennai Super Kings","chennai super kings","2022","D  Conway"
"DP Conway","D  Conway","Chennai Super Kings","chennai super kings","2023","D  Conway"
"DJ Hooda","D  Hooda","Sunrisers Hyderabad","sunrisers hyderabad","2017","D  Hooda"
"DJ Hooda","D  Hooda","Sunrisers Hyderabad","sunrisers hyderabad","2018","D  Hooda"
"DJ Hooda","D  Hooda","Sunrisers Hyderabad","sunrisers hyderabad","2019","D  Hooda"
"DJ Hooda","D  Hooda","Punjab Kings","punjab kings","2020","D  Hooda"
"DJ Hooda","D  Hooda","Punjab Kings","punjab kings","2021","D  Hooda"
"DJ Hooda","D  Hooda","Lucknow Super Giants","lucknow super giants","2022","D  Hooda"
"DJ Hooda","D  Hooda","Lucknow Super Giants","lucknow super giants","2023","D  Hooda"
"Duan Jansen","D  Jansen","Mumbai Indians","mumbai indians","2023","D  Jansen"
"Dhruv Jurel","D  Jurel","Rajasthan Royals","rajasthan royals","2023","D  Jurel"
"KD Karthik","K  Karthik","Gujarat Lions","gujarat lions","2017","D  Karthik"
"KD Karthik","K  Karthik","Kolkata Knight Riders","kolkata knight riders","2018","D  Karthik"
"KD Karthik","K  Karthik","Kolkata Knight Riders","kolkata knight riders","2019","D  Karthik"
"KD Karthik","K  Karthik","Kolkata Knight Riders","kolkata knight riders","2020","D  Karthik"
"KD Karthik","K  Karthik","Kolkata Knight Riders","kolkata knight riders","2021","D  Karthik"
"KD Karthik","K  Karthik","Royal Challengers Bangalore","royal challengers bangalore","2022","D  Karthik"
"KD Karthik","K  Karthik","Royal Challengers Bangalore","royal challengers bangalore","2023","D  Karthik"
"DS Kulkarni","D  Kulkarni","Gujarat Lions","gujarat lions","2017","D  Kulkarni"
"DS Kulkarni","D  Kulkarni","Rajasthan Royals","rajasthan royals","2018","D  Kulkarni"
"DS Kulkarni","D  Kulkarni","Rajasthan Royals","rajasthan royals","2019","D  Kulkarni"
"DS Kulkarni","D  Kulkarni","Mumbai Indians","mumbai indians","2020","D  Kulkarni"
"DS Kulkarni","D  Kulkarni","Mumbai Indians","mumbai indians","2021","D  Kulkarni"
"DJ Malan","D  Malan","Punjab Kings","punjab kings","2021","D  Malan"
"DA Miller","D  Miller","Punjab Kings","punjab kings","2017","D  Miller"
"DA Miller","D  Miller","Punjab Kings","punjab kings","2018","D  Miller"
"DA Miller","D  Miller","Punjab Kings","punjab kings","2019","D  Miller"
"DA Miller","D  Miller","Rajasthan Royals","rajasthan royals","2021","D  Miller"
"DA Miller","D  Miller","Gujarat Titans","gujarat titans","2022","D  Miller"
"DA Miller","D  Miller","Gujarat Titans","gujarat titans","2023","D  Miller"
"DJ Mitchell","D  Mitchell","Rajasthan Royals","rajasthan royals","2022","D  Mitchell"
"DG Nalkande","D  Nalkande","Gujarat Titans","gujarat titans","2022","D  Nalkande"
"DG Nalkande","D  Nalkande","Gujarat Titans","gujarat titans","2023","D  Nalkande"
"D Padikkal","D  Padikkal","Royal Challengers Bangalore","royal challengers bangalore","2020","D  Padikkal"
"D Padikkal","D  Padikkal","Royal Challengers Bangalore","royal challengers bangalore","2021","D  Padikkal"
"D Padikkal","D  Padikkal","Rajasthan Royals","rajasthan royals","2022","D  Padikkal"
"D Padikkal","D  Padikkal","Rajasthan Royals","rajasthan royals","2023","D  Padikkal"
"D Pretorius","D  Pretorius","Chennai Super Kings","chennai super kings","2022","D  Pretorius"
"D Pretorius","D  Pretorius","Chennai Super Kings","chennai super kings","2023","D  Pretorius"
"DR Sams","D  Sams","Royal Challengers Bangalore","royal challengers bangalore","2021","D  Sams"
"DR Sams","D  Sams","Mumbai Indians","mumbai indians","2022","D  Sams"
"DR Shorey","D  Shorey","Chennai Super Kings","chennai super kings","2018","D  Shorey"
"DR Shorey","D  Shorey","Chennai Super Kings","chennai super kings","2019","D  Shorey"
"DJM Short","D  Short","Rajasthan Royals","rajasthan royals","2018","D  Short"
"DR Smith","D  Smith","Gujarat Lions","gujarat lions","2017","D  Smith"
"DW Steyn","D  Steyn","Royal Challengers Bangalore","royal challengers bangalore","2020","D  Steyn"
"DA Warner","D  Warner","Sunrisers Hyderabad","sunrisers hyderabad","2017","D  Warner"
"DA Warner","D  Warner","Sunrisers Hyderabad","sunrisers hyderabad","2019","D  Warner"
"DA Warner","D  Warner","Sunrisers Hyderabad","sunrisers hyderabad","2020","D  Warner"
"DA Warner","D  Warner","Sunrisers Hyderabad","sunrisers hyderabad","2021","D  Warner"
"DA Warner","D  Warner","Delhi Capitals","delhi capitals","2022","D  Warner"
"DA Warner","D  Warner","Delhi Capitals","delhi capitals","2023","D  Warner"
"D Wiese","D  Wiese","Kolkata Knight Riders","kolkata knight riders","2023","D  Wiese"
"DJ Willey","D  Willey","Royal Challengers Bangalore","royal challengers bangalore","2022","D  Willey"
"DJ Willey","D  Willey","Royal Challengers Bangalore","royal challengers bangalore","2023","D  Willey"
"E Lewis","E  Lewis","Mumbai Indians","mumbai indians","2018","E  Lewis"
"E Lewis","E  Lewis","Mumbai Indians","mumbai indians","2019","E  Lewis"
"E Lewis","E  Lewis","Lucknow Super Giants","lucknow super giants","2022","E  Lewis"
"EJG Morgan","E  Morgan","Punjab Kings","punjab kings","2017","E  Morgan"
"EJG Morgan","E  Morgan","Kolkata Knight Riders","kolkata knight riders","2020","E  Morgan"
"EJG Morgan","E  Morgan","Kolkata Knight Riders","kolkata knight riders","2021","E  Morgan"
"FA Allen","F  Allen","Punjab Kings","punjab kings","2021","F  Allen"
"FA Allen","F  Allen","Mumbai Indians","mumbai indians","2022","F  Allen"
"Fazalhaq Farooqi","F  Farooqi","Sunrisers Hyderabad","sunrisers hyderabad","2022","F  Farooqi"
"Fazalhaq Farooqi","F  Farooqi","Sunrisers Hyderabad","sunrisers hyderabad","2023","F  Farooqi"
"F du Plessis","F  Plessis","Rising Pune Supergiants","rising pune supergiants","2017","F  Plessis"
"F du Plessis","F  Plessis","Chennai Super Kings","chennai super kings","2018","F  Plessis"
"F du Plessis","F  Plessis","Chennai Super Kings","chennai super kings","2019","F  Plessis"
"F du Plessis","F  Plessis","Chennai Super Kings","chennai super kings","2020","F  Plessis"
"F du Plessis","F  Plessis","Chennai Super Kings","chennai super kings","2021","F  Plessis"
"F du Plessis","F  Plessis","Royal Challengers Bangalore","royal challengers bangalore","2022","F  Plessis"
"F du Plessis","F  Plessis","Royal Challengers Bangalore","royal challengers bangalore","2023","F  Plessis"
"G Gambhir","G  Gambhir","Kolkata Knight Riders","kolkata knight riders","2017","G  Gambhir"
"G Gambhir","G  Gambhir","Delhi Daredevils","delhi daredevils","2018","G  Gambhir"
"GJ Maxwell","G  Maxwell","Punjab Kings","punjab kings","2017","G  Maxwell"
"GJ Maxwell","G  Maxwell","Delhi Daredevils","delhi daredevils","2018","G  Maxwell"
"GJ Maxwell","G  Maxwell","Punjab Kings","punjab kings","2020","G  Maxwell"
"GJ Maxwell","G  Maxwell","Royal Challengers Bangalore","royal challengers bangalore","2021","G  Maxwell"
"GJ Maxwell","G  Maxwell","Royal Challengers Bangalore","royal challengers bangalore","2022","G  Maxwell"
"GJ Maxwell","G  Maxwell","Royal Challengers Bangalore","royal challengers bangalore","2023","G  Maxwell"
"GD Phillips","G  Phillips","Sunrisers Hyderabad","sunrisers hyderabad","2023","G  Phillips"
"Gurkeerat Singh","G  Singh","Royal Challengers Bangalore","royal challengers bangalore","2019","G  Singh"
"Gurkeerat Singh","G  Singh","Royal Challengers Bangalore","royal challengers bangalore","2020","G  Singh"
"HM Amla","H  Amla","Punjab Kings","punjab kings","2017","H  Amla"
"Harpreet Brar","H  Brar","Punjab Kings","punjab kings","2019","H  Brar"
"Harpreet Brar","H  Brar","Punjab Kings","punjab kings","2020","H  Brar"
"Harpreet Brar","H  Brar","Punjab Kings","punjab kings","2021","H  Brar"
"Harpreet Brar","H  Brar","Punjab Kings","punjab kings","2022","H  Brar"
"Harpreet Brar","H  Brar","Punjab Kings","punjab kings","2023","H  Brar"
"HC Brook","H  Brook","Sunrisers Hyderabad","sunrisers hyderabad","2023","H  Brook"
"HF Gurney","H  Gurney","Kolkata Knight Riders","kolkata knight riders","2019","H  Gurney"
"H Klaasen","H  Klaasen","Royal Challengers Bangalore","royal challengers bangalore","2019","H  Klaasen"
"H Klaasen","H  Klaasen","Sunrisers Hyderabad","sunrisers hyderabad","2023","H  Klaasen"
"HH Pandya","H  Pandya","Mumbai Indians","mumbai indians","2017","H  Pandya"
"HH Pandya","H  Pandya","Mumbai Indians","mumbai indians","2018","H  Pandya"
"HH Pandya","H  Pandya","Mumbai Indians","mumbai indians","2019","H  Pandya"
"HH Pandya","H  Pandya","Mumbai Indians","mumbai indians","2020","H  Pandya"
"HH Pandya","H  Pandya","Mumbai Indians","mumbai indians","2021","H  Pandya"
"HH Pandya","H  Pandya","Gujarat Titans","gujarat titans","2022","H  Pandya"
"HH Pandya","H  Pandya","Gujarat Titans","gujarat titans","2023","H  Pandya"
"HV Patel","H  Patel","Royal Challengers Bangalore","royal challengers bangalore","2017","H  Patel"
"HV Patel","H  Patel","Delhi Daredevils","delhi daredevils","2018","H  Patel"
"HV Patel","H  Patel","Delhi Capitals","delhi capitals","2019","H  Patel"
"HV Patel","H  Patel","Delhi Capitals","delhi capitals","2020","H  Patel"
"HV Patel","H  Patel","Royal Challengers Bangalore","royal challengers bangalore","2021","H  Patel"
"HV Patel","H  Patel","Royal Challengers Bangalore","royal challengers bangalore","2022","H  Patel"
"HV Patel","H  Patel","Royal Challengers Bangalore","royal challengers bangalore","2023","H  Patel"
"Harshit Rana","H  Rana","Kolkata Knight Riders","kolkata knight riders","2023","H  Rana"
"H Sharma","H  Sharma","Royal Challengers Bangalore","royal challengers bangalore","2023","H  Sharma"
"HR Shokeen","H  Shokeen","Mumbai Indians","mumbai indians","2022","H  Shokeen"
"HR Shokeen","H  Shokeen","Mumbai Indians","mumbai indians","2023","H  Shokeen"
"Harbhajan Singh","H  Singh","Mumbai Indians","mumbai indians","2017","H  Singh"
"Harbhajan Singh","H  Singh","Chennai Super Kings","chennai super kings","2018","H  Singh"
"Harbhajan Singh","H  Singh","Chennai Super Kings","chennai super kings","2019","H  Singh"
"Harbhajan Singh","H  Singh","Kolkata Knight Riders","kolkata knight riders","2021","H  Singh"
"Harpreet Singh","H  Singh","Punjab Kings","punjab kings","2023","H  Singh"
"GH Vihari","G  Vihari","Delhi Capitals","delhi capitals","2019","H  Vihari"
"GC Viljoen","G  Viljoen","Punjab Kings","punjab kings","2019","H  Viljoen"
"Iqbal Abdulla","I  Abdulla","Royal Challengers Bangalore","royal challengers bangalore","2017","I  Abdulla"
"IR Jaggi","I  Jaggi","Kolkata Knight Riders","kolkata knight riders","2017","I  Jaggi"
"Ishan Kishan","I  Kishan","Gujarat Lions","gujarat lions","2017","I  Kishan"
"Ishan Kishan","I  Kishan","Mumbai Indians","mumbai indians","2018","I  Kishan"
"Ishan Kishan","I  Kishan","Mumbai Indians","mumbai indians","2019","I  Kishan"
"Ishan Kishan","I  Kishan","Mumbai Indians","mumbai indians","2020","I  Kishan"
"Ishan Kishan","I  Kishan","Mumbai Indians","mumbai indians","2021","I  Kishan"
"Ishan Kishan","I  Kishan","Mumbai Indians","mumbai indians","2022","I  Kishan"
"Ishan Kishan","I  Kishan","Mumbai Indians","mumbai indians","2023","I  Kishan"
"IC Porel","I  Porel","Punjab Kings","punjab kings","2021","I  Porel"
"I Sharma","I  Sharma","Delhi Capitals","delhi capitals","2019","I  Sharma"
"I Sharma","I  Sharma","Delhi Capitals","delhi capitals","2020","I  Sharma"
"I Sharma","I  Sharma","Delhi Capitals","delhi capitals","2021","I  Sharma"
"I Sharma","I  Sharma","Delhi Capitals","delhi capitals","2023","I  Sharma"
"IS Sodhi","I  Sodhi","Rajasthan Royals","rajasthan royals","2019","I  Sodhi"
"Imran Tahir","I  Tahir","Chennai Super Kings","chennai super kings","2018","I  Tahir"
"Imran Tahir","I  Tahir","Chennai Super Kings","chennai super kings","2019","I  Tahir"
"Imran Tahir","I  Tahir","Chennai Super Kings","chennai super kings","2020","I  Tahir"
"Imran Tahir","I  Tahir","Chennai Super Kings","chennai super kings","2021","I  Tahir"
"I Udana","I  Udana","Royal Challengers Bangalore","royal challengers bangalore","2020","I  Udana"
"JC Archer","J  Archer","Rajasthan Royals","rajasthan royals","2018","J  Archer"
"JC Archer","J  Archer","Rajasthan Royals","rajasthan royals","2019","J  Archer"
"JC Archer","J  Archer","Rajasthan Royals","rajasthan royals","2020","J  Archer"
"JC Archer","J  Archer","Mumbai Indians","mumbai indians","2023","J  Archer"
"JM Bairstow","J  Bairstow","Sunrisers Hyderabad","sunrisers hyderabad","2019","J  Bairstow"
"JM Bairstow","J  Bairstow","Sunrisers Hyderabad","sunrisers hyderabad","2020","J  Bairstow"
"JM Bairstow","J  Bairstow","Sunrisers Hyderabad","sunrisers hyderabad","2021","J  Bairstow"
"JM Bairstow","J  Bairstow","Punjab Kings","punjab kings","2022","J  Bairstow"
"JP Behrendorff","J  Behrendorff","Mumbai Indians","mumbai indians","2019","J  Behrendorff"
"JP Behrendorff","J  Behrendorff","Mumbai Indians","mumbai indians","2023","J  Behrendorff"
"JJ Bumrah","J  Bumrah","Mumbai Indians","mumbai indians","2017","J  Bumrah"
"JJ Bumrah","J  Bumrah","Mumbai Indians","mumbai indians","2018","J  Bumrah"
"JJ Bumrah","J  Bumrah","Mumbai Indians","mumbai indians","2019","J  Bumrah"
"JJ Bumrah","J  Bumrah","Mumbai Indians","mumbai indians","2020","J  Bumrah"
"JJ Bumrah","J  Bumrah","Mumbai Indians","mumbai indians","2021","J  Bumrah"
"JJ Bumrah","J  Bumrah","Mumbai Indians","mumbai indians","2022","J  Bumrah"
"JC Buttler","J  Buttler","Mumbai Indians","mumbai indians","2017","J  Buttler"
"JC Buttler","J  Buttler","Rajasthan Royals","rajasthan royals","2018","J  Buttler"
"JC Buttler","J  Buttler","Rajasthan Royals","rajasthan royals","2019","J  Buttler"
"JC Buttler","J  Buttler","Rajasthan Royals","rajasthan royals","2020","J  Buttler"
"JC Buttler","J  Buttler","Rajasthan Royals","rajasthan royals","2021","J  Buttler"
"JC Buttler","J  Buttler","Rajasthan Royals","rajasthan royals","2022","J  Buttler"
"JC Buttler","J  Buttler","Rajasthan Royals","rajasthan royals","2023","J  Buttler"
"JL Denly","J  Denly","Kolkata Knight Riders","kolkata knight riders","2019","J  Denly"
"JP Duminy","J  Duminy","Mumbai Indians","mumbai indians","2018","J  Duminy"
"JP Faulkner","J  Faulkner","Gujarat Lions","gujarat lions","2017","J  Faulkner"
"JR Hazlewood","J  Hazlewood","Chennai Super Kings","chennai super kings","2020","J  Hazlewood"
"JR Hazlewood","J  Hazlewood","Chennai Super Kings","chennai super kings","2021","J  Hazlewood"
"JR Hazlewood","J  Hazlewood","Royal Challengers Bangalore","royal challengers bangalore","2022","J  Hazlewood"
"JR Hazlewood","J  Hazlewood","Royal Challengers Bangalore","royal challengers bangalore","2023","J  Hazlewood"
"JO Holder","J  Holder","Sunrisers Hyderabad","sunrisers hyderabad","2021","J  Holder"
"JO Holder","J  Holder","Lucknow Super Giants","lucknow super giants","2022","J  Holder"
"JO Holder","J  Holder","Rajasthan Royals","rajasthan royals","2023","J  Holder"
"J Little","J  Little","Gujarat Titans","gujarat titans","2023","J  Little"
"JDS Neesham","J  Neesham","Punjab Kings","punjab kings","2020","J  Neesham"
"JDS Neesham","J  Neesham","Mumbai Indians","mumbai indians","2021","J  Neesham"
"JDS Neesham","J  Neesham","Rajasthan Royals","rajasthan royals","2022","J  Neesham"
"JR Philippe","J  Philippe","Royal Challengers Bangalore","royal challengers bangalore","2020","J  Philippe"
"JA Richardson","J  Richardson","Punjab Kings","punjab kings","2021","J  Richardson"
"JE Root","J  Root","Rajasthan Royals","rajasthan royals","2023","J  Root"
"JJ Roy","J  Roy","Gujarat Lions","gujarat lions","2017","J  Roy"
"JJ Roy","J  Roy","Delhi Daredevils","delhi daredevils","2018","J  Roy"
"Jalaj S Saxena","J  Saxena","Punjab Kings","punjab kings","2021","J  Saxena"
"JPR Scantlebury Searles","J  Searles","Kolkata Knight Riders","kolkata knight riders","2018","J  Searles"
"JM Sharma","J  Sharma","Punjab Kings","punjab kings","2022","J  Sharma"
"JM Sharma","J  Sharma","Punjab Kings","punjab kings","2023","J  Sharma"
"J Suchith","J  Suchith","Sunrisers Hyderabad","sunrisers hyderabad","2021","J  Suchith"
"J Suchith","J  Suchith","Sunrisers Hyderabad","sunrisers hyderabad","2022","J  Suchith"
"JD Unadkat","J  Unadkat","Rising Pune Supergiants","rising pune supergiants","2017","J  Unadkat"
"JD Unadkat","J  Unadkat","Rajasthan Royals","rajasthan royals","2018","J  Unadkat"
"JD Unadkat","J  Unadkat","Rajasthan Royals","rajasthan royals","2019","J  Unadkat"
"JD Unadkat","J  Unadkat","Rajasthan Royals","rajasthan royals","2020","J  Unadkat"
"JD Unadkat","J  Unadkat","Rajasthan Royals","rajasthan royals","2021","J  Unadkat"
"JD Unadkat","J  Unadkat","Mumbai Indians","mumbai indians","2022","J  Unadkat"
"JD Unadkat","J  Unadkat","Lucknow Super Giants","lucknow super giants","2023","J  Unadkat"
"J Yadav","J  Yadav","Delhi Daredevils","delhi daredevils","2017","J  Yadav"
"J Yadav","J  Yadav","Mumbai Indians","mumbai indians","2019","J  Yadav"
"J Yadav","J  Yadav","Mumbai Indians","mumbai indians","2020","J  Yadav"
"J Yadav","J  Yadav","Mumbai Indians","mumbai indians","2021","J  Yadav"
"J Yadav","J  Yadav","Gujarat Titans","gujarat titans","2023","J  Yadav"
"KK Ahmed","K  Ahmed","Sunrisers Hyderabad","sunrisers hyderabad","2019","K  Ahmed"
"KK Ahmed","K  Ahmed","Sunrisers Hyderabad","sunrisers hyderabad","2020","K  Ahmed"
"KK Ahmed","K  Ahmed","Sunrisers Hyderabad","sunrisers hyderabad","2021","K  Ahmed"
"KK Ahmed","K  Ahmed","Delhi Capitals","delhi capitals","2022","K  Ahmed"
"KK Ahmed","K  Ahmed","Delhi Capitals","delhi capitals","2023","K  Ahmed"
"KM Asif","K  Asif","Chennai Super Kings","chennai super kings","2018","K  Asif"
"KM Asif","K  Asif","Chennai Super Kings","chennai super kings","2021","K  Asif"
"KM Asif","K  Asif","Rajasthan Royals","rajasthan royals","2023","K  Asif"
"KS Bharat","K  Bharat","Royal Challengers Bangalore","royal challengers bangalore","2021","K  Bharat"
"KS Bharat","K  Bharat","Delhi Capitals","delhi capitals","2022","K  Bharat"
"KC Cariappa","K  Cariappa","Punjab Kings","punjab kings","2017","K  Cariappa"
"K Gowtham","K  Gowtham","Rajasthan Royals","rajasthan royals","2018","K  Gowtham"
"K Gowtham","K  Gowtham","Rajasthan Royals","rajasthan royals","2019","K  Gowtham"
"K Gowtham","K  Gowtham","Punjab Kings","punjab kings","2020","K  Gowtham"
"K Gowtham","K  Gowtham","Lucknow Super Giants","lucknow super giants","2022","K  Gowtham"
"K Gowtham","K  Gowtham","Lucknow Super Giants","lucknow super giants","2023","K  Gowtham"
"KM Jadhav","K  Jadhav","Royal Challengers Bangalore","royal challengers bangalore","2017","K  Jadhav"
"KM Jadhav","K  Jadhav","Chennai Super Kings","chennai super kings","2018","K  Jadhav"
"KM Jadhav","K  Jadhav","Chennai Super Kings","chennai super kings","2019","K  Jadhav"
"KM Jadhav","K  Jadhav","Chennai Super Kings","chennai super kings","2020","K  Jadhav"
"KM Jadhav","K  Jadhav","Sunrisers Hyderabad","sunrisers hyderabad","2021","K  Jadhav"
"KA Jamieson","K  Jamieson","Royal Challengers Bangalore","royal challengers bangalore","2021","K  Jamieson"
"K Kartikeya","K  Kartikeya","Mumbai Indians","mumbai indians","2023","K  Kartikeya"
"K Khejroliya","K  Khejroliya","Royal Challengers Bangalore","royal challengers bangalore","2018","K  Khejroliya"
"K Khejroliya","K  Khejroliya","Royal Challengers Bangalore","royal challengers bangalore","2019","K  Khejroliya"
"K Khejroliya","K  Khejroliya","Kolkata Knight Riders","kolkata knight riders","2023","K  Khejroliya"
"KR Mayers","K  Mayers","Lucknow Super Giants","lucknow super giants","2023","K  Mayers"
"KL Nagarkoti","K  Nagarkoti","Kolkata Knight Riders","kolkata knight riders","2020","K  Nagarkoti"
"KL Nagarkoti","K  Nagarkoti","Kolkata Knight Riders","kolkata knight riders","2021","K  Nagarkoti"
"KL Nagarkoti","K  Nagarkoti","Delhi Capitals","delhi capitals","2022","K  Nagarkoti"
"KK Nair","K  Nair","Delhi Daredevils","delhi daredevils","2017","K  Nair"
"KK Nair","K  Nair","Punjab Kings","punjab kings","2018","K  Nair"
"KK Nair","K  Nair","Punjab Kings","punjab kings","2019","K  Nair"
"KK Nair","K  Nair","Punjab Kings","punjab kings","2020","K  Nair"
"KK Nair","K  Nair","Rajasthan Royals","rajasthan royals","2022","K  Nair"
"KH Pandya","K  Pandya","Mumbai Indians","mumbai indians","2017","K  Pandya"
"KH Pandya","K  Pandya","Mumbai Indians","mumbai indians","2018","K  Pandya"
"KH Pandya","K  Pandya","Mumbai Indians","mumbai indians","2019","K  Pandya"
"KH Pandya","K  Pandya","Mumbai Indians","mumbai indians","2020","K  Pandya"
"KH Pandya","K  Pandya","Mumbai Indians","mumbai indians","2021","K  Pandya"
"KH Pandya","K  Pandya","Lucknow Super Giants","lucknow super giants","2022","K  Pandya"
"KH Pandya","K  Pandya","Lucknow Super Giants","lucknow super giants","2023","K  Pandya"
"KMA Paul","K  Paul","Delhi Capitals","delhi capitals","2019","K  Paul"
"KA Pollard","K  Pollard","Mumbai Indians","mumbai indians","2017","K  Pollard"
"KA Pollard","K  Pollard","Mumbai Indians","mumbai indians","2018","K  Pollard"
"KA Pollard","K  Pollard","Mumbai Indians","mumbai indians","2019","K  Pollard"
"KA Pollard","K  Pollard","Mumbai Indians","mumbai indians","2020","K  Pollard"
"KA Pollard","K  Pollard","Mumbai Indians","mumbai indians","2021","K  Pollard"
"KA Pollard","K  Pollard","Mumbai Indians","mumbai indians","2022","K  Pollard"
"K Rabada","K  Rabada","Delhi Daredevils","delhi daredevils","2017","K  Rabada"
"K Rabada","K  Rabada","Delhi Capitals","delhi capitals","2019","K  Rabada"
"K Rabada","K  Rabada","Delhi Capitals","delhi capitals","2020","K  Rabada"
"K Rabada","K  Rabada","Delhi Capitals","delhi capitals","2021","K  Rabada"
"K Rabada","K  Rabada","Punjab Kings","punjab kings","2022","K  Rabada"
"K Rabada","K  Rabada","Punjab Kings","punjab kings","2023","K  Rabada"
"KL Rahul","K  Rahul","Punjab Kings","punjab kings","2018","K  Rahul"
"KL Rahul","K  Rahul","Punjab Kings","punjab kings","2019","K  Rahul"
"KL Rahul","K  Rahul","Punjab Kings","punjab kings","2020","K  Rahul"
"KL Rahul","K  Rahul","Punjab Kings","punjab kings","2021","K  Rahul"
"KL Rahul","K  Rahul","Lucknow Super Giants","lucknow super giants","2022","K  Rahul"
"KL Rahul","K  Rahul","Lucknow Super Giants","lucknow super giants","2023","K  Rahul"
"KW Richardson","K  Richardson","Royal Challengers Bangalore","royal challengers bangalore","2021","K  Richardson"
"KR Sen","K  Sen","Rajasthan Royals","rajasthan royals","2022","K  Sen"
"KR Sen","K  Sen","Rajasthan Royals","rajasthan royals","2023","K  Sen"
"KV Sharma","K  Sharma","Mumbai Indians","mumbai indians","2017","K  Sharma"
"KV Sharma","K  Sharma","Chennai Super Kings","chennai super kings","2018","K  Sharma"
"KV Sharma","K  Sharma","Chennai Super Kings","chennai super kings","2019","K  Sharma"
"KV Sharma","K  Sharma","Chennai Super Kings","chennai super kings","2020","K  Sharma"
"KS Sharma","K  Sharma","Lucknow Super Giants","lucknow super giants","2022","K  Sharma"
"KS Sharma","K  Sharma","Lucknow Super Giants","lucknow super giants","2023","K  Sharma"
"KV Sharma","K  Sharma","Royal Challengers Bangalore","royal challengers bangalore","2023","K  Sharma"
"Kartik Tyagi","K  Tyagi","Rajasthan Royals","rajasthan royals","2020","K  Tyagi"
"Kartik Tyagi","K  Tyagi","Rajasthan Royals","rajasthan royals","2021","K  Tyagi"
"Kartik Tyagi","K  Tyagi","Sunrisers Hyderabad","sunrisers hyderabad","2022","K  Tyagi"
"Kartik Tyagi","K  Tyagi","Sunrisers Hyderabad","sunrisers hyderabad","2023","K  Tyagi"
"KS Williamson","K  Williamson","Sunrisers Hyderabad","sunrisers hyderabad","2017","K  Williamson"
"KS Williamson","K  Williamson","Sunrisers Hyderabad","sunrisers hyderabad","2018","K  Williamson"
"KS Williamson","K  Williamson","Sunrisers Hyderabad","sunrisers hyderabad","2019","K  Williamson"
"KS Williamson","K  Williamson","Sunrisers Hyderabad","sunrisers hyderabad","2020","K  Williamson"
"KS Williamson","K  Williamson","Sunrisers Hyderabad","sunrisers hyderabad","2021","K  Williamson"
"KS Williamson","K  Williamson","Sunrisers Hyderabad","sunrisers hyderabad","2022","K  Williamson"
"Kuldeep Yadav","K  Yadav","Kolkata Knight Riders","kolkata knight riders","2017","K  Yadav"
"Kuldeep Yadav","K  Yadav","Kolkata Knight Riders","kolkata knight riders","2018","K  Yadav"
"Kuldeep Yadav","K  Yadav","Kolkata Knight Riders","kolkata knight riders","2019","K  Yadav"
"Kuldeep Yadav","K  Yadav","Kolkata Knight Riders","kolkata knight riders","2020","K  Yadav"
"K Yadav","K  Yadav","Rajasthan Royals","rajasthan royals","2021","K  Yadav"
"Kuldeep Yadav","K  Yadav","Delhi Capitals","delhi capitals","2022","K  Yadav"
"Kuldeep Yadav","K  Yadav","Delhi Capitals","delhi capitals","2023","K  Yadav"
"K Yadav","K  Yadav","Rajasthan Royals","rajasthan royals","2023","K  Yadav"
"Liton Das","L  Das","Kolkata Knight Riders","kolkata knight riders","2023","L  Das"
"LH Ferguson","L  Ferguson","Rising Pune Supergiants","rising pune supergiants","2017","L  Ferguson"
"LH Ferguson","L  Ferguson","Kolkata Knight Riders","kolkata knight riders","2019","L  Ferguson"
"LH Ferguson","L  Ferguson","Kolkata Knight Riders","kolkata knight riders","2020","L  Ferguson"
"LH Ferguson","L  Ferguson","Kolkata Knight Riders","kolkata knight riders","2021","L  Ferguson"
"LH Ferguson","L  Ferguson","Gujarat Titans","gujarat titans","2022","L  Ferguson"
"LH Ferguson","L  Ferguson","Kolkata Knight Riders","kolkata knight riders","2023","L  Ferguson"
"LS Livingstone","L  Livingstone","Rajasthan Royals","rajasthan royals","2019","L  Livingstone"
"LS Livingstone","L  Livingstone","Rajasthan Royals","rajasthan royals","2021","L  Livingstone"
"LS Livingstone","L  Livingstone","Punjab Kings","punjab kings","2022","L  Livingstone"
"LS Livingstone","L  Livingstone","Punjab Kings","punjab kings","2023","L  Livingstone"
"SL Malinga","S  Malinga","Mumbai Indians","mumbai indians","2017","L  Malinga"
"SL Malinga","S  Malinga","Mumbai Indians","mumbai indians","2019","L  Malinga"
"LI Meriwala","L  Meriwala","Delhi Capitals","delhi capitals","2021","L  Meriwala"
"L Ngidi","L  Ngidi","Chennai Super Kings","chennai super kings","2018","L  Ngidi"
"L Ngidi","L  Ngidi","Chennai Super Kings","chennai super kings","2020","L  Ngidi"
"L Ngidi","L  Ngidi","Chennai Super Kings","chennai super kings","2021","L  Ngidi"
"LMP Simmons","L  Simmons","Mumbai Indians","mumbai indians","2017","L  Simmons"
"Lalit Yadav","L  Yadav","Delhi Capitals","delhi capitals","2021","L  Yadav"
"Lalit Yadav","L  Yadav","Delhi Capitals","delhi capitals","2022","L  Yadav"
"Lalit Yadav","L  Yadav","Delhi Capitals","delhi capitals","2023","L  Yadav"
"MA Agarwal","M  Agarwal","Rising Pune Supergiants","rising pune supergiants","2017","M  Agarwal"
"MA Agarwal","M  Agarwal","Punjab Kings","punjab kings","2018","M  Agarwal"
"MA Agarwal","M  Agarwal","Punjab Kings","punjab kings","2019","M  Agarwal"
"MA Agarwal","M  Agarwal","Punjab Kings","punjab kings","2020","M  Agarwal"
"MA Agarwal","M  Agarwal","Punjab Kings","punjab kings","2021","M  Agarwal"
"MA Agarwal","M  Agarwal","Punjab Kings","punjab kings","2022","M  Agarwal"
"MA Agarwal","M  Agarwal","Sunrisers Hyderabad","sunrisers hyderabad","2023","M  Agarwal"
"MM Ali","M  Ali","Royal Challengers Bangalore","royal challengers bangalore","2018","M  Ali"
"MM Ali","M  Ali","Royal Challengers Bangalore","royal challengers bangalore","2019","M  Ali"
"MM Ali","M  Ali","Royal Challengers Bangalore","royal challengers bangalore","2020","M  Ali"
"MM Ali","M  Ali","Chennai Super Kings","chennai super kings","2021","M  Ali"
"MM Ali","M  Ali","Chennai Super Kings","chennai super kings","2022","M  Ali"
"MM Ali","M  Ali","Chennai Super Kings","chennai super kings","2023","M  Ali"
"M Ashwin","M  Ashwin","Royal Challengers Bangalore","royal challengers bangalore","2018","M  Ashwin"
"M Ashwin","M  Ashwin","Punjab Kings","punjab kings","2019","M  Ashwin"
"M Ashwin","M  Ashwin","Punjab Kings","punjab kings","2020","M  Ashwin"
"M Ashwin","M  Ashwin","Punjab Kings","punjab kings","2021","M  Ashwin"
"M Ashwin","M  Ashwin","Mumbai Indians","mumbai indians","2022","M  Ashwin"
"M Ashwin","M  Ashwin","Rajasthan Royals","rajasthan royals","2023","M  Ashwin"
"Mukesh Choudhary","M  Choudhary","Chennai Super Kings","chennai super kings","2022","M  Choudhary"
"Mayank Dagar","M  Dagar","Sunrisers Hyderabad","sunrisers hyderabad","2023","M  Dagar"
"MS Dhoni","M  Dhoni","Rising Pune Supergiants","rising pune supergiants","2017","M  Dhoni"
"MS Dhoni","M  Dhoni","Chennai Super Kings","chennai super kings","2018","M  Dhoni"
"MS Dhoni","M  Dhoni","Chennai Super Kings","chennai super kings","2019","M  Dhoni"
"MS Dhoni","M  Dhoni","Chennai Super Kings","chennai super kings","2020","M  Dhoni"
"MS Dhoni","M  Dhoni","Chennai Super Kings","chennai super kings","2021","M  Dhoni"
"MS Dhoni","M  Dhoni","Chennai Super Kings","chennai super kings","2022","M  Dhoni"
"MS Dhoni","M  Dhoni","Chennai Super Kings","chennai super kings","2023","M  Dhoni"
"MS Gony","M  Gony","Gujarat Lions","gujarat lions","2017","M  Gony"
"MJ Guptill","M  Guptill","Punjab Kings","punjab kings","2017","M  Guptill"
"MJ Guptill","M  Guptill","Sunrisers Hyderabad","sunrisers hyderabad","2019","M  Guptill"
"MC Henriques","M  Henriques","Sunrisers Hyderabad","sunrisers hyderabad","2017","M  Henriques"
"MC Henriques","M  Henriques","Punjab Kings","punjab kings","2021","M  Henriques"
"MJ Henry","M  Henry","Punjab Kings","punjab kings","2017","M  Henry"
"M Jansen","M  Jansen","Mumbai Indians","mumbai indians","2021","M  Jansen"
"M Jansen","M  Jansen","Sunrisers Hyderabad","sunrisers hyderabad","2022","M  Jansen"
"M Jansen","M  Jansen","Sunrisers Hyderabad","sunrisers hyderabad","2023","M  Jansen"
"MG Johnson","M  Johnson","Mumbai Indians","mumbai indians","2017","M  Johnson"
"MG Johnson","M  Johnson","Kolkata Knight Riders","kolkata knight riders","2018","M  Johnson"
"M Shahrukh Khan","M  Khan","Punjab Kings","punjab kings","2021","M  Khan"
"Mohsin Khan ","M  Khan ","Lucknow Super Giants","lucknow super giants","2022","M  Khan"
"Mohsin Khan ","M  Khan ","Lucknow Super Giants","lucknow super giants","2023","M  Khan"
"Monu Kumar","M  Kumar","Chennai Super Kings","chennai super kings","2020","M  Kumar"
"Mukesh Kumar","M  Kumar","Delhi Capitals","delhi capitals","2023","M  Kumar"
"MK Lomror","M  Lomror","Rajasthan Royals","rajasthan royals","2018","M  Lomror"
"MK Lomror","M  Lomror","Rajasthan Royals","rajasthan royals","2019","M  Lomror"
"MK Lomror","M  Lomror","Rajasthan Royals","rajasthan royals","2020","M  Lomror"
"MK Lomror","M  Lomror","Rajasthan Royals","rajasthan royals","2021","M  Lomror"
"MK Lomror","M  Lomror","Royal Challengers Bangalore","royal challengers bangalore","2022","M  Lomror"
"MK Lomror","M  Lomror","Royal Challengers Bangalore","royal challengers bangalore","2023","M  Lomror"
"M Markande","M  Markande","Mumbai Indians","mumbai indians","2018","M  Markande"
"M Markande","M  Markande","Mumbai Indians","mumbai indians","2019","M  Markande"
"M Markande","M  Markande","Rajasthan Royals","rajasthan royals","2021","M  Markande"
"M Markande","M  Markande","Mumbai Indians","mumbai indians","2022","M  Markande"
"M Markande","M  Markande","Sunrisers Hyderabad","sunrisers hyderabad","2023","M  Markande"
"MR Marsh","M  Marsh","Sunrisers Hyderabad","sunrisers hyderabad","2020","M  Marsh"
"MR Marsh","M  Marsh","Delhi Capitals","delhi capitals","2022","M  Marsh"
"MR Marsh","M  Marsh","Delhi Capitals","delhi capitals","2023","M  Marsh"
"MJ McClenaghan","M  McClenaghan","Mumbai Indians","mumbai indians","2017","M  McClenaghan"
"MJ McClenaghan","M  McClenaghan","Mumbai Indians","mumbai indians","2019","M  McClenaghan"
"Mohammad Nabi","M  Nabi","Sunrisers Hyderabad","sunrisers hyderabad","2017","M  Nabi"
"Mohammad Nabi","M  Nabi","Sunrisers Hyderabad","sunrisers hyderabad","2018","M  Nabi"
"Mohammad Nabi","M  Nabi","Sunrisers Hyderabad","sunrisers hyderabad","2019","M  Nabi"
"Mohammad Nabi","M  Nabi","Sunrisers Hyderabad","sunrisers hyderabad","2020","M  Nabi"
"Mohammad Nabi","M  Nabi","Sunrisers Hyderabad","sunrisers hyderabad","2021","M  Nabi"
"MK Pandey","M  Pandey","Kolkata Knight Riders","kolkata knight riders","2017","M  Pandey"
"MK Pandey","M  Pandey","Sunrisers Hyderabad","sunrisers hyderabad","2018","M  Pandey"
"MK Pandey","M  Pandey","Sunrisers Hyderabad","sunrisers hyderabad","2019","M  Pandey"
"MK Pandey","M  Pandey","Sunrisers Hyderabad","sunrisers hyderabad","2020","M  Pandey"
"MK Pandey","M  Pandey","Sunrisers Hyderabad","sunrisers hyderabad","2021","M  Pandey"
"MK Pandey","M  Pandey","Lucknow Super Giants","lucknow super giants","2022","M  Pandey"
"MK Pandey","M  Pandey","Delhi Capitals","delhi capitals","2023","M  Pandey"
"MM Patel","M  Patel","Gujarat Lions","gujarat lions","2017","M  Patel"
"M Pathirana","M  Pathirana","Chennai Super Kings","chennai super kings","2023","M  Pathirana"
"Mustafizur Rahman","M  Rahman","Sunrisers Hyderabad","sunrisers hyderabad","2017","M  Rahman"
"Mustafizur Rahman","M  Rahman","Mumbai Indians","mumbai indians","2018","M  Rahman"
"Mujeeb Ur Rahman","M  Rahman","Punjab Kings","punjab kings","2018","M  Rahman"
"Mujeeb Ur Rahman","M  Rahman","Punjab Kings","punjab kings","2019","M  Rahman"
"Mujeeb Ur Rahman","M  Rahman","Punjab Kings","punjab kings","2020","M  Rahman"
"Mustafizur Rahman","M  Rahman","Rajasthan Royals","rajasthan royals","2021","M  Rahman"
"Mujeeb Ur Rahman","M  Rahman","Sunrisers Hyderabad","sunrisers hyderabad","2021","M  Rahman"
"Mustafizur Rahman","M  Rahman","Delhi Capitals","delhi capitals","2022","M  Rahman"
"Mustafizur Rahman","M  Rahman","Delhi Capitals","delhi capitals","2023","M  Rahman"
"Mohit Rathee","M  Rathee","Punjab Kings","punjab kings","2023","M  Rathee"
"MJ Santner","M  Santner","Chennai Super Kings","chennai super kings","2019","M  Santner"
"MJ Santner","M  Santner","Chennai Super Kings","chennai super kings","2020","M  Santner"
"MJ Santner","M  Santner","Chennai Super Kings","chennai super kings","2022","M  Santner"
"MJ Santner","M  Santner","Chennai Super Kings","chennai super kings","2023","M  Santner"
"Mohammed Shami","M  Shami","Delhi Daredevils","delhi daredevils","2017","M  Shami"
"Mohammed Shami","M  Shami","Delhi Daredevils","delhi daredevils","2018","M  Shami"
"Mohammed Shami","M  Shami","Punjab Kings","punjab kings","2019","M  Shami"
"Mohammed Shami","M  Shami","Punjab Kings","punjab kings","2020","M  Shami"
"Mohammed Shami","M  Shami","Punjab Kings","punjab kings","2021","M  Shami"
"Mohammed Shami","M  Shami","Gujarat Titans","gujarat titans","2022","M  Shami"
"Mohammed Shami","M  Shami","Gujarat Titans","gujarat titans","2023","M  Shami"
"MM Sharma","M  Sharma","Punjab Kings","punjab kings","2017","M  Sharma"
"MM Sharma","M  Sharma","Punjab Kings","punjab kings","2018","M  Sharma"
"MM Sharma","M  Sharma","Chennai Super Kings","chennai super kings","2019","M  Sharma"
"MM Sharma","M  Sharma","Delhi Capitals","delhi capitals","2020","M  Sharma"
"MM Sharma","M  Sharma","Gujarat Titans","gujarat titans","2023","M  Sharma"
"Mandeep Singh","M  Singh","Royal Challengers Bangalore","royal challengers bangalore","2017","M  Singh"
"Mandeep Singh","M  Singh","Royal Challengers Bangalore","royal challengers bangalore","2018","M  Singh"
"Mandeep Singh","M  Singh","Punjab Kings","punjab kings","2019","M  Singh"
"Mandeep Singh","M  Singh","Punjab Kings","punjab kings","2020","M  Singh"
"Mandeep Singh","M  Singh","Punjab Kings","punjab kings","2021","M  Singh"
"Mandeep Singh","M  Singh","Delhi Capitals","delhi capitals","2022","M  Singh"
"Mandeep Singh","M  Singh","Kolkata Knight Riders","kolkata knight riders","2023","M  Singh"
"Mohammed Siraj","M  Siraj","Sunrisers Hyderabad","sunrisers hyderabad","2017","M  Siraj"
"Mohammed Siraj","M  Siraj","Royal Challengers Bangalore","royal challengers bangalore","2018","M  Siraj"
"Mohammed Siraj","M  Siraj","Royal Challengers Bangalore","royal challengers bangalore","2019","M  Siraj"
"Mohammed Siraj","M  Siraj","Royal Challengers Bangalore","royal challengers bangalore","2020","M  Siraj"
"Mohammed Siraj","M  Siraj","Royal Challengers Bangalore","royal challengers bangalore","2021","M  Siraj"
"Mohammed Siraj","M  Siraj","Royal Challengers Bangalore","royal challengers bangalore","2022","M  Siraj"
"Mohammed Siraj","M  Siraj","Royal Challengers Bangalore","royal challengers bangalore","2023","M  Siraj"
"MP Stoinis","M  Stoinis","Punjab Kings","punjab kings","2017","M  Stoinis"
"MP Stoinis","M  Stoinis","Punjab Kings","punjab kings","2018","M  Stoinis"
"MP Stoinis","M  Stoinis","Royal Challengers Bangalore","royal challengers bangalore","2019","M  Stoinis"
"MP Stoinis","M  Stoinis","Delhi Capitals","delhi capitals","2020","M  Stoinis"
"MP Stoinis","M  Stoinis","Delhi Capitals","delhi capitals","2021","M  Stoinis"
"MP Stoinis","M  Stoinis","Lucknow Super Giants","lucknow super giants","2022","M  Stoinis"
"MP Stoinis","M  Stoinis","Lucknow Super Giants","lucknow super giants","2023","M  Stoinis"
"M Theekshana","M  Theekshana","Chennai Super Kings","chennai super kings","2022","M  Theekshana"
"M Theekshana","M  Theekshana","Chennai Super Kings","chennai super kings","2023","M  Theekshana"
"MK Tiwary","M  Tiwary","Rising Pune Supergiants","rising pune supergiants","2017","M  Tiwary"
"MK Tiwary","M  Tiwary","Punjab Kings","punjab kings","2018","M  Tiwary"
"M Vijay","M  Vijay","Chennai Super Kings","chennai super kings","2018","M  Vijay"
"M Vijay","M  Vijay","Chennai Super Kings","chennai super kings","2019","M  Vijay"
"M Vijay","M  Vijay","Chennai Super Kings","chennai super kings","2020","M  Vijay"
"M Vohra","M  Vohra","Punjab Kings","punjab kings","2017","M  Vohra"
"M Vohra","M  Vohra","Royal Challengers Bangalore","royal challengers bangalore","2018","M  Vohra"
"M Vohra","M  Vohra","Rajasthan Royals","rajasthan royals","2021","M  Vohra"
"M Vohra","M  Vohra","Lucknow Super Giants","lucknow super giants","2022","M  Vohra"
"M Vohra","M  Vohra","Lucknow Super Giants","lucknow super giants","2023","M  Vohra"
"MS Wade","M  Wade","Gujarat Titans","gujarat titans","2022","M  Wade"
"MA Wood","M  Wood","Chennai Super Kings","chennai super kings","2018","M  Wood"
"MA Wood","M  Wood","Lucknow Super Giants","lucknow super giants","2023","M  Wood"
"Noor Ahmad","N  Ahmad","Gujarat Titans","gujarat titans","2023","N  Ahmad"
"NM Coulter~Nile","N  Coulter~Nile","Kolkata Knight Riders","kolkata knight riders","2017","N  Coulter-Nile"
"NM Coulter~Nile","N  Coulter~Nile","Mumbai Indians","mumbai indians","2020","N  Coulter-Nile"
"NM Coulter~Nile","N  Coulter~Nile","Mumbai Indians","mumbai indians","2021","N  Coulter-Nile"
"NM Coulter~Nile","N  Coulter~Nile","Rajasthan Royals","rajasthan royals","2022","N  Coulter-Nile"
"NT Ellis","N  Ellis","Punjab Kings","punjab kings","2022","N  Ellis"
"NT Ellis","N  Ellis","Punjab Kings","punjab kings","2023","N  Ellis"
"Naveen ul Haq","N  Haq","Lucknow Super Giants","lucknow super giants","2023","N  Haq"
"N Jagadeesan","N  Jagadeesan","Chennai Super Kings","chennai super kings","2020","N  Jagadeesan"
"N Jagadeesan","N  Jagadeesan","Chennai Super Kings","chennai super kings","2022","N  Jagadeesan"
"N Jagadeesan","N  Jagadeesan","Kolkata Knight Riders","kolkata knight riders","2023","N  Jagadeesan"
"NS Naik","N  Naik","Kolkata Knight Riders","kolkata knight riders","2019","N  Naik"
"NS Naik","N  Naik","Kolkata Knight Riders","kolkata knight riders","2020","N  Naik"
"NV Ojha","N  Ojha","Sunrisers Hyderabad","sunrisers hyderabad","2017","N  Ojha"
"NV Ojha","N  Ojha","Delhi Daredevils","delhi daredevils","2018","N  Ojha"
"N Pooran","N  Pooran","Punjab Kings","punjab kings","2019","N  Pooran"
"N Pooran","N  Pooran","Punjab Kings","punjab kings","2020","N  Pooran"
"N Pooran","N  Pooran","Punjab Kings","punjab kings","2021","N  Pooran"
"N Pooran","N  Pooran","Sunrisers Hyderabad","sunrisers hyderabad","2022","N  Pooran"
"N Pooran","N  Pooran","Lucknow Super Giants","lucknow super giants","2023","N  Pooran"
"N Rana","N  Rana","Mumbai Indians","mumbai indians","2017","N  Rana"
"N Rana","N  Rana","Kolkata Knight Riders","kolkata knight riders","2018","N  Rana"
"N Rana","N  Rana","Kolkata Knight Riders","kolkata knight riders","2019","N  Rana"
"N Rana","N  Rana","Kolkata Knight Riders","kolkata knight riders","2020","N  Rana"
"N Rana","N  Rana","Kolkata Knight Riders","kolkata knight riders","2021","N  Rana"
"N Rana","N  Rana","Kolkata Knight Riders","kolkata knight riders","2022","N  Rana"
"N Rana","N  Rana","Kolkata Knight Riders","kolkata knight riders","2023","N  Rana"
"Nithish Kumar Reddy","N  Reddy","Sunrisers Hyderabad","sunrisers hyderabad","2023","N  Reddy"
"NA Saini","N  Saini","Royal Challengers Bangalore","royal challengers bangalore","2019","N  Saini"
"NA Saini","N  Saini","Royal Challengers Bangalore","royal challengers bangalore","2020","N  Saini"
"NA Saini","N  Saini","Royal Challengers Bangalore","royal challengers bangalore","2021","N  Saini"
"NA Saini","N  Saini","Rajasthan Royals","rajasthan royals","2022","N  Saini"
"NA Saini","N  Saini","Rajasthan Royals","rajasthan royals","2023","N  Saini"
"NB Singh","N  Singh","Gujarat Lions","gujarat lions","2017","N  Singh"
"N Wadhera","N  Wadhera","Mumbai Indians","mumbai indians","2023","N  Wadhera"
"OC McCoy","O  McCoy","Rajasthan Royals","rajasthan royals","2022","O  McCoy"
"OC McCoy","O  McCoy","Rajasthan Royals","rajasthan royals","2023","O  McCoy"
"OF Smith","O  Smith","Punjab Kings","punjab kings","2022","O  Smith"
"O Thomas","O  Thomas","Rajasthan Royals","rajasthan royals","2019","O  Thomas"
"P Ray Barman","P  Barman","Royal Challengers Bangalore","royal challengers bangalore","2019","P  Barman"
"PP Chawla","P  Chawla","Kolkata Knight Riders","kolkata knight riders","2017","P  Chawla"
"PP Chawla","P  Chawla","Kolkata Knight Riders","kolkata knight riders","2018","P  Chawla"
"PP Chawla","P  Chawla","Kolkata Knight Riders","kolkata knight riders","2019","P  Chawla"
"PP Chawla","P  Chawla","Chennai Super Kings","chennai super kings","2020","P  Chawla"
"PP Chawla","P  Chawla","Mumbai Indians","mumbai indians","2021","P  Chawla"
"PP Chawla","P  Chawla","Mumbai Indians","mumbai indians","2023","P  Chawla"
"P Chopra","P  Chopra","Rajasthan Royals","rajasthan royals","2018","P  Chopra"
"PJ Cummins","P  Cummins","Delhi Daredevils","delhi daredevils","2017","P  Cummins"
"PJ Cummins","P  Cummins","Kolkata Knight Riders","kolkata knight riders","2020","P  Cummins"
"PJ Cummins","P  Cummins","Kolkata Knight Riders","kolkata knight riders","2021","P  Cummins"
"PJ Cummins","P  Cummins","Kolkata Knight Riders","kolkata knight riders","2022","P  Cummins"
"P Dubey","P  Dubey","Delhi Capitals","delhi capitals","2023","P  Dubey"
"PK Garg","P  Garg","Sunrisers Hyderabad","sunrisers hyderabad","2020","P  Garg"
"PK Garg","P  Garg","Sunrisers Hyderabad","sunrisers hyderabad","2021","P  Garg"
"PK Garg","P  Garg","Sunrisers Hyderabad","sunrisers hyderabad","2022","P  Garg"
"M Prasidh Krishna","M  Krishna","Kolkata Knight Riders","kolkata knight riders","2019","P  Krishna"
"M Prasidh Krishna","M  Krishna","Kolkata Knight Riders","kolkata knight riders","2020","P  Krishna"
"M Prasidh Krishna","M  Krishna","Kolkata Knight Riders","kolkata knight riders","2021","P  Krishna"
"M Prasidh Krishna","M  Krishna","Rajasthan Royals","rajasthan royals","2022","P  Krishna"
"P Kumar","P  Kumar","Gujarat Lions","gujarat lions","2017","P  Kumar"
"PN Mankad","P  Mankad","Punjab Kings","punjab kings","2022","P  Mankad"
"PN Mankad","P  Mankad","Lucknow Super Giants","lucknow super giants","2023","P  Mankad"
"P Negi","P  Negi","Royal Challengers Bangalore","royal challengers bangalore","2017","P  Negi"
"P Negi","P  Negi","Royal Challengers Bangalore","royal challengers bangalore","2018","P  Negi"
"P Negi","P  Negi","Royal Challengers Bangalore","royal challengers bangalore","2019","P  Negi"
"PA Patel","P  Patel","Mumbai Indians","mumbai indians","2017","P  Patel"
"PA Patel","P  Patel","Royal Challengers Bangalore","royal challengers bangalore","2018","P  Patel"
"PA Patel","P  Patel","Royal Challengers Bangalore","royal challengers bangalore","2019","P  Patel"
"Y Prithvi Raj","Y  Raj","Kolkata Knight Riders","kolkata knight riders","2019","P  Raj"
"PD Salt","P  Salt","Delhi Capitals","delhi capitals","2023","P  Salt"
"PJ Sangwan","P  Sangwan","Gujarat Lions","gujarat lions","2017","P  Sangwan"
"PJ Sangwan","P  Sangwan","Mumbai Indians","mumbai indians","2018","P  Sangwan"
"PJ Sangwan","P  Sangwan","Gujarat Titans","gujarat titans","2022","P  Sangwan"
"PP Shaw","P  Shaw","Delhi Daredevils","delhi daredevils","2018","P  Shaw"
"PP Shaw","P  Shaw","Delhi Capitals","delhi capitals","2019","P  Shaw"
"PP Shaw","P  Shaw","Delhi Capitals","delhi capitals","2020","P  Shaw"
"PP Shaw","P  Shaw","Delhi Capitals","delhi capitals","2021","P  Shaw"
"PP Shaw","P  Shaw","Delhi Capitals","delhi capitals","2022","P  Shaw"
"PP Shaw","P  Shaw","Delhi Capitals","delhi capitals","2023","P  Shaw"
"PWH de Silva","P  Silva","Royal Challengers Bangalore","royal challengers bangalore","2022","P  Silva"
"PWH de Silva","P  Silva","Royal Challengers Bangalore","royal challengers bangalore","2023","P  Silva"
"P Simran Singh","P  Singh","Punjab Kings","punjab kings","2019","P  Singh"
"P Simran Singh","P  Singh","Punjab Kings","punjab kings","2020","P  Singh"
"P Simran Singh","P  Singh","Punjab Kings","punjab kings","2021","P  Singh"
"P Simran Singh","P  Singh","Punjab Kings","punjab kings","2022","P  Singh"
"P Simran Singh","P  Singh","Punjab Kings","punjab kings","2023","P  Singh"
"PH Solanki","P  Solanki","Chennai Super Kings","chennai super kings","2022","P  Solanki"
"Q de Kock","Q  Kock","Royal Challengers Bangalore","royal challengers bangalore","2018","Q  Kock"
"Q de Kock","Q  Kock","Mumbai Indians","mumbai indians","2019","Q  Kock"
"Q de Kock","Q  Kock","Mumbai Indians","mumbai indians","2020","Q  Kock"
"Q de Kock","Q  Kock","Mumbai Indians","mumbai indians","2021","Q  Kock"
"Q de Kock","Q  Kock","Lucknow Super Giants","lucknow super giants","2022","Q  Kock"
"Q de Kock","Q  Kock","Lucknow Super Giants","lucknow super giants","2023","Q  Kock"
"R Ashwin","R  Ashwin","Punjab Kings","punjab kings","2018","R  Ashwin"
"R Ashwin","R  Ashwin","Punjab Kings","punjab kings","2019","R  Ashwin"
"R Ashwin","R  Ashwin","Delhi Capitals","delhi capitals","2020","R  Ashwin"
"R Ashwin","R  Ashwin","Delhi Capitals","delhi capitals","2021","R  Ashwin"
"R Ashwin","R  Ashwin","Rajasthan Royals","rajasthan royals","2022","R  Ashwin"
"R Ashwin","R  Ashwin","Rajasthan Royals","rajasthan royals","2023","R  Ashwin"
"RA Bawa","R  Bawa","Punjab Kings","punjab kings","2022","R  Bawa"
"R Bhatia","R  Bhatia","Rising Pune Supergiants","rising pune supergiants","2017","R  Bhatia"
"RK Bhui","R  Bhui","Sunrisers Hyderabad","sunrisers hyderabad","2018","R  Bhui"
"RK Bhui","R  Bhui","Sunrisers Hyderabad","sunrisers hyderabad","2019","R  Bhui"
"Ravi Bishnoi","R  Bishnoi","Punjab Kings","punjab kings","2020","R  Bishnoi"
"Ravi Bishnoi","R  Bishnoi","Punjab Kings","punjab kings","2021","R  Bishnoi"
"Ravi Bishnoi","R  Bishnoi","Lucknow Super Giants","lucknow super giants","2022","R  Bishnoi"
"Ravi Bishnoi","R  Bishnoi","Lucknow Super Giants","lucknow super giants","2023","R  Bishnoi"
"RD Chahar","R  Chahar","Rising Pune Supergiants","rising pune supergiants","2017","R  Chahar"
"RD Chahar","R  Chahar","Mumbai Indians","mumbai indians","2019","R  Chahar"
"RD Chahar","R  Chahar","Mumbai Indians","mumbai indians","2020","R  Chahar"
"RD Chahar","R  Chahar","Mumbai Indians","mumbai indians","2021","R  Chahar"
"RD Chahar","R  Chahar","Punjab Kings","punjab kings","2022","R  Chahar"
"RD Chahar","R  Chahar","Punjab Kings","punjab kings","2023","R  Chahar"
"R Dhawan","R  Dhawan","Punjab Kings","punjab kings","2022","R  Dhawan"
"R Dhawan","R  Dhawan","Punjab Kings","punjab kings","2023","R  Dhawan"
"HE van der Dussen","H  Dussen","Rajasthan Royals","rajasthan royals","2022","R  Dussen"
"RD Gaikwad","R  Gaikwad","Chennai Super Kings","chennai super kings","2020","R  Gaikwad"
"RD Gaikwad","R  Gaikwad","Chennai Super Kings","chennai super kings","2021","R  Gaikwad"
"RD Gaikwad","R  Gaikwad","Chennai Super Kings","chennai super kings","2022","R  Gaikwad"
"RD Gaikwad","R  Gaikwad","Chennai Super Kings","chennai super kings","2023","R  Gaikwad"
"R Goyal","R  Goyal","Mumbai Indians","mumbai indians","2023","R  Goyal"
"Rahmanullah Gurbaz","R  Gurbaz","Kolkata Knight Riders","kolkata knight riders","2023","R  Gurbaz"
"RS Hangargekar","R  Hangargekar","Chennai Super Kings","chennai super kings","2023","R  Hangargekar"
"RA Jadeja","R  Jadeja","Gujarat Lions","gujarat lions","2017","R  Jadeja"
"RA Jadeja","R  Jadeja","Chennai Super Kings","chennai super kings","2018","R  Jadeja"
"RA Jadeja","R  Jadeja","Chennai Super Kings","chennai super kings","2019","R  Jadeja"
"RA Jadeja","R  Jadeja","Chennai Super Kings","chennai super kings","2020","R  Jadeja"
"RA Jadeja","R  Jadeja","Chennai Super Kings","chennai super kings","2021","R  Jadeja"
"RA Jadeja","R  Jadeja","Chennai Super Kings","chennai super kings","2022","R  Jadeja"
"RA Jadeja","R  Jadeja","Chennai Super Kings","chennai super kings","2023","R  Jadeja"
"Rashid Khan","R  Khan","Sunrisers Hyderabad","sunrisers hyderabad","2017","R  Khan"
"Rashid Khan","R  Khan","Sunrisers Hyderabad","sunrisers hyderabad","2018","R  Khan"
"Rashid Khan","R  Khan","Sunrisers Hyderabad","sunrisers hyderabad","2019","R  Khan"
"Rashid Khan","R  Khan","Sunrisers Hyderabad","sunrisers hyderabad","2020","R  Khan"
"Rashid Khan","R  Khan","Sunrisers Hyderabad","sunrisers hyderabad","2021","R  Khan"
"Rashid Khan","R  Khan","Gujarat Titans","gujarat titans","2022","R  Khan"
"Rashid Khan","R  Khan","Gujarat Titans","gujarat titans","2023","R  Khan"
"R Sai Kishore","R  Kishore","Gujarat Titans","gujarat titans","2022","R  Kishore"
"RP Meredith","R  Meredith","Punjab Kings","punjab kings","2021","R  Meredith"
"RP Meredith","R  Meredith","Mumbai Indians","mumbai indians","2022","R  Meredith"
"RR Pant","R  Pant","Delhi Daredevils","delhi daredevils","2017","R  Pant"
"RR Pant","R  Pant","Delhi Daredevils","delhi daredevils","2018","R  Pant"
"RR Pant","R  Pant","Delhi Capitals","delhi capitals","2019","R  Pant"
"RR Pant","R  Pant","Delhi Capitals","delhi capitals","2020","R  Pant"
"RR Pant","R  Pant","Delhi Capitals","delhi capitals","2021","R  Pant"
"RR Pant","R  Pant","Delhi Capitals","delhi capitals","2022","R  Pant"
"R Parag","R  Parag","Rajasthan Royals","rajasthan royals","2019","R  Parag"
"R Parag","R  Parag","Rajasthan Royals","rajasthan royals","2020","R  Parag"
"R Parag","R  Parag","Rajasthan Royals","rajasthan royals","2021","R  Parag"
"R Parag","R  Parag","Rajasthan Royals","rajasthan royals","2022","R  Parag"
"R Parag","R  Parag","Rajasthan Royals","rajasthan royals","2023","R  Parag"
"RV Patel","R  Patel","Delhi Capitals","delhi capitals","2021","R  Patel"
"RV Patel","R  Patel","Delhi Capitals","delhi capitals","2022","R  Patel"
"RV Patel","R  Patel","Delhi Capitals","delhi capitals","2023","R  Patel"
"RM Patidar","R  Patidar","Royal Challengers Bangalore","royal challengers bangalore","2021","R  Patidar"
"R Powell","R  Powell","Delhi Capitals","delhi capitals","2022","R  Powell"
"R Powell","R  Powell","Delhi Capitals","delhi capitals","2023","R  Powell"
"RR Rossouw","R  Rossouw","Delhi Capitals","delhi capitals","2023","R  Rossouw"
"Rasikh Salam","R  Salam","Mumbai Indians","mumbai indians","2019","R  Salam"
"Rasikh Salam","R  Salam","Kolkata Knight Riders","kolkata knight riders","2022","R  Salam"
"RG Sharma","R  Sharma","Mumbai Indians","mumbai indians","2017","R  Sharma"
"RG Sharma","R  Sharma","Mumbai Indians","mumbai indians","2018","R  Sharma"
"RG Sharma","R  Sharma","Mumbai Indians","mumbai indians","2019","R  Sharma"
"RG Sharma","R  Sharma","Mumbai Indians","mumbai indians","2020","R  Sharma"
"RG Sharma","R  Sharma","Mumbai Indians","mumbai indians","2021","R  Sharma"
"RG Sharma","R  Sharma","Mumbai Indians","mumbai indians","2022","R  Sharma"
"RG Sharma","R  Sharma","Mumbai Indians","mumbai indians","2023","R  Sharma"
"R Shepherd","R  Shepherd","Sunrisers Hyderabad","sunrisers hyderabad","2022","R  Shepherd"
"R Shepherd","R  Shepherd","Lucknow Super Giants","lucknow super giants","2023","R  Shepherd"
"RK Singh","R  Singh","Kolkata Knight Riders","kolkata knight riders","2018","R  Singh"
"RK Singh","R  Singh","Kolkata Knight Riders","kolkata knight riders","2019","R  Singh"
"RK Singh","R  Singh","Kolkata Knight Riders","kolkata knight riders","2020","R  Singh"
"RK Singh","R  Singh","Kolkata Knight Riders","kolkata knight riders","2022","R  Singh"
"Ramandeep Singh","R  Singh","Mumbai Indians","mumbai indians","2022","R  Singh"
"RK Singh","R  Singh","Kolkata Knight Riders","kolkata knight riders","2023","R  Singh"
"R Tewatia","R  Tewatia","Punjab Kings","punjab kings","2017","R  Tewatia"
"R Tewatia","R  Tewatia","Delhi Daredevils","delhi daredevils","2018","R  Tewatia"
"R Tewatia","R  Tewatia","Delhi Capitals","delhi capitals","2019","R  Tewatia"
"R Tewatia","R  Tewatia","Rajasthan Royals","rajasthan royals","2020","R  Tewatia"
"R Tewatia","R  Tewatia","Rajasthan Royals","rajasthan royals","2021","R  Tewatia"
"R Tewatia","R  Tewatia","Gujarat Titans","gujarat titans","2022","R  Tewatia"
"R Tewatia","R  Tewatia","Gujarat Titans","gujarat titans","2023","R  Tewatia"
"RJW Topley","R  Topley","Royal Challengers Bangalore","royal challengers bangalore","2023","R  Topley"
"RA Tripathi","R  Tripathi","Rising Pune Supergiants","rising pune supergiants","2017","R  Tripathi"
"RA Tripathi","R  Tripathi","Rajasthan Royals","rajasthan royals","2018","R  Tripathi"
"RA Tripathi","R  Tripathi","Rajasthan Royals","rajasthan royals","2019","R  Tripathi"
"RA Tripathi","R  Tripathi","Kolkata Knight Riders","kolkata knight riders","2020","R  Tripathi"
"RA Tripathi","R  Tripathi","Kolkata Knight Riders","kolkata knight riders","2021","R  Tripathi"
"RA Tripathi","R  Tripathi","Sunrisers Hyderabad","sunrisers hyderabad","2022","R  Tripathi"
"RA Tripathi","R  Tripathi","Sunrisers Hyderabad","sunrisers hyderabad","2023","R  Tripathi"
"RV Uthappa","R  Uthappa","Kolkata Knight Riders","kolkata knight riders","2017","R  Uthappa"
"RV Uthappa","R  Uthappa","Kolkata Knight Riders","kolkata knight riders","2018","R  Uthappa"
"RV Uthappa","R  Uthappa","Kolkata Knight Riders","kolkata knight riders","2019","R  Uthappa"
"RV Uthappa","R  Uthappa","Rajasthan Royals","rajasthan royals","2020","R  Uthappa"
"RV Uthappa","R  Uthappa","Chennai Super Kings","chennai super kings","2021","R  Uthappa"
"RV Uthappa","R  Uthappa","Chennai Super Kings","chennai super kings","2022","R  Uthappa"
"SA Abbott","S  Abbott","Sunrisers Hyderabad","sunrisers hyderabad","2022","S  Abbott"
"SS Agarwal","S  Agarwal","Gujarat Lions","gujarat lions","2017","S  Agarwal"
"KK Ahmed","K  Ahmed","Sunrisers Hyderabad","sunrisers hyderabad","2018","S  Ahmed"
"Shahbaz Ahmed","S  Ahmed","Royal Challengers Bangalore","royal challengers bangalore","2020","S  Ahmed"
"Shahbaz Ahmed","S  Ahmed","Royal Challengers Bangalore","royal challengers bangalore","2021","S  Ahmed"
"Shahbaz Ahmed","S  Ahmed","Royal Challengers Bangalore","royal challengers bangalore","2022","S  Ahmed"
"Shahbaz Ahmed","S  Ahmed","Royal Challengers Bangalore","royal challengers bangalore","2023","S  Ahmed"
"S Aravind","S  Aravind","Royal Challengers Bangalore","royal challengers bangalore","2017","S  Aravind"
"Sachin Baby","S  Baby","Royal Challengers Bangalore","royal challengers bangalore","2017","S  Baby"
"Sachin Baby","S  Baby","Royal Challengers Bangalore","royal challengers bangalore","2021","S  Baby"
"S Badree","S  Badree","Royal Challengers Bangalore","royal challengers bangalore","2017","S  Badree"
"SW Billings","S  Billings","Delhi Daredevils","delhi daredevils","2017","S  Billings"
"SW Billings","S  Billings","Chennai Super Kings","chennai super kings","2018","S  Billings"
"SW Billings","S  Billings","Chennai Super Kings","chennai super kings","2019","S  Billings"
"SW Billings","S  Billings","Kolkata Knight Riders","kolkata knight riders","2022","S  Billings"
"STR Binny","S  Binny","Royal Challengers Bangalore","royal challengers bangalore","2017","S  Binny"
"STR Binny","S  Binny","Rajasthan Royals","rajasthan royals","2018","S  Binny"
"STR Binny","S  Binny","Rajasthan Royals","rajasthan royals","2019","S  Binny"
"SS Cottrell","S  Cottrell","Punjab Kings","punjab kings","2020","S  Cottrell"
"SM Curran","S  Curran","Punjab Kings","punjab kings","2019","S  Curran"
"SM Curran","S  Curran","Chennai Super Kings","chennai super kings","2020","S  Curran"
"SM Curran","S  Curran","Chennai Super Kings","chennai super kings","2021","S  Curran"
"SM Curran","S  Curran","Punjab Kings","punjab kings","2023","S  Curran"
"S Dhawan","S  Dhawan","Sunrisers Hyderabad","sunrisers hyderabad","2017","S  Dhawan"
"S Dhawan","S  Dhawan","Sunrisers Hyderabad","sunrisers hyderabad","2018","S  Dhawan"
"S Dhawan","S  Dhawan","Delhi Capitals","delhi capitals","2019","S  Dhawan"
"S Dhawan","S  Dhawan","Delhi Capitals","delhi capitals","2020","S  Dhawan"
"S Dhawan","S  Dhawan","Delhi Capitals","delhi capitals","2021","S  Dhawan"
"S Dhawan","S  Dhawan","Punjab Kings","punjab kings","2022","S  Dhawan"
"S Dhawan","S  Dhawan","Punjab Kings","punjab kings","2023","S  Dhawan"
"S Dube","S  Dube","Royal Challengers Bangalore","royal challengers bangalore","2019","S  Dube"
"S Dube","S  Dube","Royal Challengers Bangalore","royal challengers bangalore","2020","S  Dube"
"S Dube","S  Dube","Rajasthan Royals","rajasthan royals","2021","S  Dube"
"S Dube","S  Dube","Chennai Super Kings","chennai super kings","2022","S  Dube"
"S Dube","S  Dube","Chennai Super Kings","chennai super kings","2023","S  Dube"
"Shubman Gill","S  Gill","Kolkata Knight Riders","kolkata knight riders","2018","S  Gill"
"Shubman Gill","S  Gill","Kolkata Knight Riders","kolkata knight riders","2019","S  Gill"
"Shubman Gill","S  Gill","Kolkata Knight Riders","kolkata knight riders","2020","S  Gill"
"Shubman Gill","S  Gill","Kolkata Knight Riders","kolkata knight riders","2021","S  Gill"
"Shubman Gill","S  Gill","Gujarat Titans","gujarat titans","2022","S  Gill"
"Shubman Gill","S  Gill","Gujarat Titans","gujarat titans","2023","S  Gill"
"S Gopal","S  Gopal","Rajasthan Royals","rajasthan royals","2018","S  Gopal"
"S Gopal","S  Gopal","Rajasthan Royals","rajasthan royals","2019","S  Gopal"
"S Gopal","S  Gopal","Rajasthan Royals","rajasthan royals","2020","S  Gopal"
"S Gopal","S  Gopal","Rajasthan Royals","rajasthan royals","2021","S  Gopal"
"S Gopal","S  Gopal","Sunrisers Hyderabad","sunrisers hyderabad","2022","S  Gopal"
"SP Goswami","S  Goswami","Sunrisers Hyderabad","sunrisers hyderabad","2018","S  Goswami"
"SP Goswami","S  Goswami","Sunrisers Hyderabad","sunrisers hyderabad","2020","S  Goswami"
"Shakib Al Hasan","S  Hasan","Kolkata Knight Riders","kolkata knight riders","2017","S  Hasan"
"Shakib Al Hasan","S  Hasan","Sunrisers Hyderabad","sunrisers hyderabad","2018","S  Hasan"
"Shakib Al Hasan","S  Hasan","Sunrisers Hyderabad","sunrisers hyderabad","2019","S  Hasan"
"Shakib Al Hasan","S  Hasan","Kolkata Knight Riders","kolkata knight riders","2021","S  Hasan"
"SO Hetmyer","S  Hetmyer","Royal Challengers Bangalore","royal challengers bangalore","2019","S  Hetmyer"
"SO Hetmyer","S  Hetmyer","Delhi Capitals","delhi capitals","2020","S  Hetmyer"
"SO Hetmyer","S  Hetmyer","Delhi Capitals","delhi capitals","2021","S  Hetmyer"
"SO Hetmyer","S  Hetmyer","Rajasthan Royals","rajasthan royals","2022","S  Hetmyer"
"SO Hetmyer","S  Hetmyer","Rajasthan Royals","rajasthan royals","2023","S  Hetmyer"
"SP Jackson","S  Jackson","Kolkata Knight Riders","kolkata knight riders","2017","S  Jackson"
"SP Jackson","S  Jackson","Kolkata Knight Riders","kolkata knight riders","2022","S  Jackson"
"SB Jakati","S  Jakati","Gujarat Lions","gujarat lions","2017","S  Jakati"
"S Kaul","S  Kaul","Sunrisers Hyderabad","sunrisers hyderabad","2017","S  Kaul"
"S Kaul","S  Kaul","Sunrisers Hyderabad","sunrisers hyderabad","2018","S  Kaul"
"S Kaul","S  Kaul","Sunrisers Hyderabad","sunrisers hyderabad","2019","S  Kaul"
"S Kaul","S  Kaul","Sunrisers Hyderabad","sunrisers hyderabad","2020","S  Kaul"
"S Kaul","S  Kaul","Sunrisers Hyderabad","sunrisers hyderabad","2021","S  Kaul"
"S Kaul","S  Kaul","Royal Challengers Bangalore","royal challengers bangalore","2022","S  Kaul"
"S Kaushik","S  Kaushik","Gujarat Lions","gujarat lions","2017","S  Kaushik"
"SN Khan","S  Khan","Royal Challengers Bangalore","royal challengers bangalore","2018","S  Khan"
"SN Khan","S  Khan","Punjab Kings","punjab kings","2019","S  Khan"
"SN Khan","S  Khan","Punjab Kings","punjab kings","2020","S  Khan"
"SN Khan","S  Khan","Punjab Kings","punjab kings","2021","S  Khan"
"SN Khan","S  Khan","Delhi Capitals","delhi capitals","2022","S  Khan"
"M Shahrukh Khan","M  Khan","Punjab Kings","punjab kings","2022","S  Khan"
"SN Khan","S  Khan","Delhi Capitals","delhi capitals","2023","S  Khan"
"M Shahrukh Khan","M  Khan","Punjab Kings","punjab kings","2023","S  Khan"
"SD Lad","S  Lad","Mumbai Indians","mumbai indians","2019","S  Lad"
"S Lamichhane","S  Lamichhane","Delhi Daredevils","delhi daredevils","2018","S  Lamichhane"
"S Lamichhane","S  Lamichhane","Delhi Capitals","delhi capitals","2019","S  Lamichhane"
"SE Marsh","S  Marsh","Punjab Kings","punjab kings","2017","S  Marsh"
"Shivam Mavi","S  Mavi","Kolkata Knight Riders","kolkata knight riders","2018","S  Mavi"
"Shivam Mavi","S  Mavi","Kolkata Knight Riders","kolkata knight riders","2020","S  Mavi"
"Shivam Mavi","S  Mavi","Kolkata Knight Riders","kolkata knight riders","2021","S  Mavi"
"Shivam Mavi","S  Mavi","Kolkata Knight Riders","kolkata knight riders","2022","S  Mavi"
"S Midhun","S  Midhun","Rajasthan Royals","rajasthan royals","2019","S  Midhun"
"S Nadeem","S  Nadeem","Delhi Daredevils","delhi daredevils","2017","S  Nadeem"
"S Nadeem","S  Nadeem","Delhi Daredevils","delhi daredevils","2018","S  Nadeem"
"S Nadeem","S  Nadeem","Sunrisers Hyderabad","sunrisers hyderabad","2019","S  Nadeem"
"S Nadeem","S  Nadeem","Sunrisers Hyderabad","sunrisers hyderabad","2020","S  Nadeem"
"S Nadeem","S  Nadeem","Sunrisers Hyderabad","sunrisers hyderabad","2021","S  Nadeem"
"SP Narine","S  Narine","Kolkata Knight Riders","kolkata knight riders","2017","S  Narine"
"SP Narine","S  Narine","Kolkata Knight Riders","kolkata knight riders","2018","S  Narine"
"SP Narine","S  Narine","Kolkata Knight Riders","kolkata knight riders","2019","S  Narine"
"SP Narine","S  Narine","Kolkata Knight Riders","kolkata knight riders","2020","S  Narine"
"SP Narine","S  Narine","Kolkata Knight Riders","kolkata knight riders","2021","S  Narine"
"SP Narine","S  Narine","Kolkata Knight Riders","kolkata knight riders","2022","S  Narine"
"SP Narine","S  Narine","Kolkata Knight Riders","kolkata knight riders","2023","S  Narine"
"SS Prabhudessai","S  Prabhudessai","Royal Challengers Bangalore","royal challengers bangalore","2022","S  Prabhudessai"
"SS Prabhudessai","S  Prabhudessai","Royal Challengers Bangalore","royal challengers bangalore","2023","S  Prabhudessai"
"SK Raina","S  Raina","Gujarat Lions","gujarat lions","2017","S  Raina"
"SK Raina","S  Raina","Chennai Super Kings","chennai super kings","2018","S  Raina"
"SK Raina","S  Raina","Chennai Super Kings","chennai super kings","2019","S  Raina"
"SK Raina","S  Raina","Chennai Super Kings","chennai super kings","2021","S  Raina"
"Sikandar Raza","S  Raza","Punjab Kings","punjab kings","2023","S  Raza"
"SE Rutherford","S  Rutherford","Delhi Capitals","delhi capitals","2019","S  Rutherford"
"SE Rutherford","S  Rutherford","Royal Challengers Bangalore","royal challengers bangalore","2022","S  Rutherford"
"SV Samson","S  Samson","Delhi Daredevils","delhi daredevils","2017","S  Samson"
"SV Samson","S  Samson","Rajasthan Royals","rajasthan royals","2018","S  Samson"
"SV Samson","S  Samson","Rajasthan Royals","rajasthan royals","2019","S  Samson"
"SV Samson","S  Samson","Rajasthan Royals","rajasthan royals","2020","S  Samson"
"SV Samson","S  Samson","Rajasthan Royals","rajasthan royals","2021","S  Samson"
"SV Samson","S  Samson","Rajasthan Royals","rajasthan royals","2022","S  Samson"
"SV Samson","S  Samson","Rajasthan Royals","rajasthan royals","2023","S  Samson"
"Sandeep Sharma","S  Sharma","Punjab Kings","punjab kings","2017","S  Sharma"
"Sandeep Sharma","S  Sharma","Sunrisers Hyderabad","sunrisers hyderabad","2018","S  Sharma"
"Sandeep Sharma","S  Sharma","Sunrisers Hyderabad","sunrisers hyderabad","2019","S  Sharma"
"Sandeep Sharma","S  Sharma","Sunrisers Hyderabad","sunrisers hyderabad","2020","S  Sharma"
"Sandeep Sharma","S  Sharma","Sunrisers Hyderabad","sunrisers hyderabad","2021","S  Sharma"
"Sandeep Sharma","S  Sharma","Punjab Kings","punjab kings","2022","S  Sharma"
"Suyash Sharma","S  Sharma","Kolkata Knight Riders","kolkata knight riders","2023","S  Sharma"
"Swapnil Singh","S  Singh","Punjab Kings","punjab kings","2017","S  Singh"
"Simarjeet Singh","S  Singh","Chennai Super Kings","chennai super kings","2022","S  Singh"
"Shashank Singh","S  Singh","Sunrisers Hyderabad","sunrisers hyderabad","2022","S  Singh"
"Akash Singh","A  Singh","Chennai Super Kings","chennai super kings","2023","S  Singh"
"Swapnil Singh","S  Singh","Lucknow Super Giants","lucknow super giants","2023","S  Singh"
"Sanvir Singh","S  Singh","Sunrisers Hyderabad","sunrisers hyderabad","2023","S  Singh"
"SPD Smith","S  Smith","Rising Pune Supergiants","rising pune supergiants","2017","S  Smith"
"SPD Smith","S  Smith","Rajasthan Royals","rajasthan royals","2019","S  Smith"
"SPD Smith","S  Smith","Rajasthan Royals","rajasthan royals","2020","S  Smith"
"SPD Smith","S  Smith","Delhi Capitals","delhi capitals","2021","S  Smith"
"B Sai Sudharsan","B  Sudharsan","Gujarat Titans","gujarat titans","2022","S  Sudharsan"
"B Sai Sudharsan","B  Sudharsan","Gujarat Titans","gujarat titans","2023","S  Sudharsan"
"SN Thakur","S  Thakur","Rising Pune Supergiants","rising pune supergiants","2017","S  Thakur"
"SN Thakur","S  Thakur","Chennai Super Kings","chennai super kings","2018","S  Thakur"
"SN Thakur","S  Thakur","Chennai Super Kings","chennai super kings","2019","S  Thakur"
"SN Thakur","S  Thakur","Chennai Super Kings","chennai super kings","2020","S  Thakur"
"SN Thakur","S  Thakur","Chennai Super Kings","chennai super kings","2021","S  Thakur"
"SN Thakur","S  Thakur","Delhi Capitals","delhi capitals","2022","S  Thakur"
"SN Thakur","S  Thakur","Kolkata Knight Riders","kolkata knight riders","2023","S  Thakur"
"SS Tiwary","S  Tiwary","Mumbai Indians","mumbai indians","2017","S  Tiwary"
"SS Tiwary","S  Tiwary","Mumbai Indians","mumbai indians","2020","S  Tiwary"
"SS Tiwary","S  Tiwary","Mumbai Indians","mumbai indians","2021","S  Tiwary"
"S Sandeep Warrier","S  Warrier","Kolkata Knight Riders","kolkata knight riders","2020","S  Warrier"
"S Sandeep Warrier","S  Warrier","Kolkata Knight Riders","kolkata knight riders","2021","S  Warrier"
"SR Watson","S  Watson","Royal Challengers Bangalore","royal challengers bangalore","2017","S  Watson"
"SR Watson","S  Watson","Chennai Super Kings","chennai super kings","2018","S  Watson"
"SR Watson","S  Watson","Chennai Super Kings","chennai super kings","2019","S  Watson"
"SR Watson","S  Watson","Chennai Super Kings","chennai super kings","2020","S  Watson"
"SA Yadav","S  Yadav","Kolkata Knight Riders","kolkata knight riders","2017","S  Yadav"
"SA Yadav","S  Yadav","Mumbai Indians","mumbai indians","2018","S  Yadav"
"SA Yadav","S  Yadav","Mumbai Indians","mumbai indians","2019","S  Yadav"
"SA Yadav","S  Yadav","Mumbai Indians","mumbai indians","2020","S  Yadav"
"SA Yadav","S  Yadav","Mumbai Indians","mumbai indians","2021","S  Yadav"
"SA Yadav","S  Yadav","Mumbai Indians","mumbai indians","2022","S  Yadav"
"SA Yadav","S  Yadav","Mumbai Indians","mumbai indians","2023","S  Yadav"
"SS Iyer","S  Iyer","Delhi Daredevils","delhi daredevils","2017","S  lyer"
"SS Iyer","S  Iyer","Delhi Daredevils","delhi daredevils","2018","S  lyer"
"SS Iyer","S  Iyer","Delhi Capitals","delhi capitals","2019","S  lyer"
"SS Iyer","S  Iyer","Delhi Capitals","delhi capitals","2020","S  lyer"
"SS Iyer","S  Iyer","Delhi Capitals","delhi capitals","2021","S  lyer"
"SS Iyer","S  Iyer","Kolkata Knight Riders","kolkata knight riders","2022","S  lyer"
"T Banton","T  Banton","Kolkata Knight Riders","kolkata knight riders","2020","T  Banton"
"Tejas Baroka","T  Baroka","Gujarat Lions","gujarat lions","2017","T  Baroka"
"TA Boult","T  Boult","Kolkata Knight Riders","kolkata knight riders","2017","T  Boult"
"TA Boult","T  Boult","Delhi Daredevils","delhi daredevils","2018","T  Boult"
"TA Boult","T  Boult","Delhi Capitals","delhi capitals","2019","T  Boult"
"TA Boult","T  Boult","Mumbai Indians","mumbai indians","2020","T  Boult"
"TA Boult","T  Boult","Mumbai Indians","mumbai indians","2021","T  Boult"
"TA Boult","T  Boult","Rajasthan Royals","rajasthan royals","2022","T  Boult"
"TA Boult","T  Boult","Rajasthan Royals","rajasthan royals","2023","T  Boult"
"TK Curran","T  Curran","Rajasthan Royals","rajasthan royals","2020","T  Curran"
"TK Curran","T  Curran","Delhi Capitals","delhi capitals","2021","T  Curran"
"TH David","T  David","Mumbai Indians","mumbai indians","2022","T  David"
"TH David","T  David","Mumbai Indians","mumbai indians","2023","T  David"
"TU Deshpande","T  Deshpande","Delhi Capitals","delhi capitals","2020","T  Deshpande"
"TU Deshpande","T  Deshpande","Chennai Super Kings","chennai super kings","2022","T  Deshpande"
"TU Deshpande","T  Deshpande","Chennai Super Kings","chennai super kings","2023","T  Deshpande"
"TM Head","T  Head","Royal Challengers Bangalore","royal challengers bangalore","2017","T  Head"
"TS Mills","T  Mills","Royal Challengers Bangalore","royal challengers bangalore","2017","T  Mills"
"TS Mills","T  Mills","Mumbai Indians","mumbai indians","2022","T  Mills"
"T Natarajan","T  Natarajan","Punjab Kings","punjab kings","2017","T  Natarajan"
"T Natarajan","T  Natarajan","Sunrisers Hyderabad","sunrisers hyderabad","2020","T  Natarajan"
"T Natarajan","T  Natarajan","Sunrisers Hyderabad","sunrisers hyderabad","2021","T  Natarajan"
"T Natarajan","T  Natarajan","Sunrisers Hyderabad","sunrisers hyderabad","2022","T  Natarajan"
"T Natarajan","T  Natarajan","Sunrisers Hyderabad","sunrisers hyderabad","2023","T  Natarajan"
"TL Seifert","T  Seifert","Kolkata Knight Riders","kolkata knight riders","2021","T  Seifert"
"TL Seifert","T  Seifert","Delhi Capitals","delhi capitals","2022","T  Seifert"
"TG Southee","T  Southee","Mumbai Indians","mumbai indians","2017","T  Southee"
"TG Southee","T  Southee","Royal Challengers Bangalore","royal challengers bangalore","2018","T  Southee"
"TG Southee","T  Southee","Royal Challengers Bangalore","royal challengers bangalore","2019","T  Southee"
"TG Southee","T  Southee","Kolkata Knight Riders","kolkata knight riders","2022","T  Southee"
"TG Southee","T  Southee","Kolkata Knight Riders","kolkata knight riders","2023","T  Southee"
"T Stubbs","T  Stubbs","Mumbai Indians","mumbai indians","2023","T  Stubbs"
"Tilak Varma","T  Varma","Mumbai Indians","mumbai indians","2022","T  Varma"
"Tilak Varma","T  Varma","Mumbai Indians","mumbai indians","2023","T  Varma"
"Umran Malik","U  Malik","Sunrisers Hyderabad","sunrisers hyderabad","2022","U  Malik"
"Umran Malik","U  Malik","Sunrisers Hyderabad","sunrisers hyderabad","2023","U  Malik"
"UT Yadav","U  Yadav","Kolkata Knight Riders","kolkata knight riders","2017","U  Yadav"
"UT Yadav","U  Yadav","Royal Challengers Bangalore","royal challengers bangalore","2018","U  Yadav"
"UT Yadav","U  Yadav","Royal Challengers Bangalore","royal challengers bangalore","2019","U  Yadav"
"UT Yadav","U  Yadav","Royal Challengers Bangalore","royal challengers bangalore","2020","U  Yadav"
"UT Yadav","U  Yadav","Kolkata Knight Riders","kolkata knight riders","2022","U  Yadav"
"UT Yadav","U  Yadav","Kolkata Knight Riders","kolkata knight riders","2023","U  Yadav"
"VR Aaron","V  Aaron","Punjab Kings","punjab kings","2017","V  Aaron"
"VR Aaron","V  Aaron","Rajasthan Royals","rajasthan royals","2019","V  Aaron"
"VR Aaron","V  Aaron","Rajasthan Royals","rajasthan royals","2020","V  Aaron"
"VR Aaron","V  Aaron","Gujarat Titans","gujarat titans","2022","V  Aaron"
"VG Arora","V  Arora","Punjab Kings","punjab kings","2022","V  Arora"
"VG Arora","V  Arora","Kolkata Knight Riders","kolkata knight riders","2023","V  Arora"
"VR Iyer","V  Iyer","Kolkata Knight Riders","kolkata knight riders","2023","V  Iyer"
"V Kohli","V  Kohli","Royal Challengers Bangalore","royal challengers bangalore","2017","V  Kohli"
"V Kohli","V  Kohli","Royal Challengers Bangalore","royal challengers bangalore","2018","V  Kohli"
"V Kohli","V  Kohli","Royal Challengers Bangalore","royal challengers bangalore","2019","V  Kohli"
"V Kohli","V  Kohli","Royal Challengers Bangalore","royal challengers bangalore","2020","V  Kohli"
"V Kohli","V  Kohli","Royal Challengers Bangalore","royal challengers bangalore","2021","V  Kohli"
"V Kohli","V  Kohli","Royal Challengers Bangalore","royal challengers bangalore","2022","V  Kohli"
"V Kohli","V  Kohli","Royal Challengers Bangalore","royal challengers bangalore","2023","V  Kohli"
"R Vinay Kumar","R  Kumar","Mumbai Indians","mumbai indians","2017","V  Kumar"
"R Vinay Kumar","R  Kumar","Kolkata Knight Riders","kolkata knight riders","2018","V  Kumar"
"V Shankar","V  Shankar","Sunrisers Hyderabad","sunrisers hyderabad","2017","V  Shankar"
"V Shankar","V  Shankar","Delhi Daredevils","delhi daredevils","2018","V  Shankar"
"V Shankar","V  Shankar","Sunrisers Hyderabad","sunrisers hyderabad","2019","V  Shankar"
"V Shankar","V  Shankar","Sunrisers Hyderabad","sunrisers hyderabad","2020","V  Shankar"
"V Shankar","V  Shankar","Sunrisers Hyderabad","sunrisers hyderabad","2021","V  Shankar"
"V Shankar","V  Shankar","Gujarat Titans","gujarat titans","2022","V  Shankar"
"V Shankar","V  Shankar","Gujarat Titans","gujarat titans","2023","V  Shankar"
"Vivrant Sharma","V  Sharma","Sunrisers Hyderabad","sunrisers hyderabad","2023","V  Sharma"
"Virat Singh","V  Singh","Sunrisers Hyderabad","sunrisers hyderabad","2021","V  Singh"
"Vishnu Vinod","V  Vinod","Mumbai Indians","mumbai indians","2023","V  Vinod"
"VR Iyer","V  Iyer","Kolkata Knight Riders","kolkata knight riders","2021","V  lyer"
"VR Iyer","V  Iyer","Kolkata Knight Riders","kolkata knight riders","2022","V  lyer"
"WP Saha","W  Saha","Punjab Kings","punjab kings","2017","W  Saha"
"WP Saha","W  Saha","Sunrisers Hyderabad","sunrisers hyderabad","2018","W  Saha"
"WP Saha","W  Saha","Sunrisers Hyderabad","sunrisers hyderabad","2019","W  Saha"
"WP Saha","W  Saha","Sunrisers Hyderabad","sunrisers hyderabad","2020","W  Saha"
"WP Saha","W  Saha","Sunrisers Hyderabad","sunrisers hyderabad","2021","W  Saha"
"WP Saha","W  Saha","Gujarat Titans","gujarat titans","2022","W  Saha"
"WP Saha","W  Saha","Gujarat Titans","gujarat titans","2023","W  Saha"
"Washington Sundar","W  Sundar","Royal Challengers Bangalore","royal challengers bangalore","2018","W  Sundar"
"Washington Sundar","W  Sundar","Royal Challengers Bangalore","royal challengers bangalore","2019","W  Sundar"
"Washington Sundar","W  Sundar","Royal Challengers Bangalore","royal challengers bangalore","2020","W  Sundar"
"Washington Sundar","W  Sundar","Royal Challengers Bangalore","royal challengers bangalore","2021","W  Sundar"
"Washington Sundar","W  Sundar","Sunrisers Hyderabad","sunrisers hyderabad","2022","W  Sundar"
"Washington Sundar","W  Sundar","Sunrisers Hyderabad","sunrisers hyderabad","2023","W  Sundar"
"YS Chahal","Y  Chahal","Royal Challengers Bangalore","royal challengers bangalore","2017","Y  Chahal"
"YS Chahal","Y  Chahal","Royal Challengers Bangalore","royal challengers bangalore","2018","Y  Chahal"
"YS Chahal","Y  Chahal","Royal Challengers Bangalore","royal challengers bangalore","2019","Y  Chahal"
"YS Chahal","Y  Chahal","Royal Challengers Bangalore","royal challengers bangalore","2020","Y  Chahal"
"YS Chahal","Y  Chahal","Royal Challengers Bangalore","royal challengers bangalore","2021","Y  Chahal"
"YS Chahal","Y  Chahal","Rajasthan Royals","rajasthan royals","2022","Y  Chahal"
"YS Chahal","Y  Chahal","Rajasthan Royals","rajasthan royals","2023","Y  Chahal"
"Yash Dayal","Y  Dayal","Gujarat Titans","gujarat titans","2022","Y  Dayal"
"Yash Dayal","Y  Dayal","Gujarat Titans","gujarat titans","2023","Y  Dayal"
"YV Dhull","Y  Dhull","Delhi Capitals","delhi capitals","2023","Y  Dhull"
"YBK Jaiswal","Y  Jaiswal","Rajasthan Royals","rajasthan royals","2020","Y  Jaiswal"
"YBK Jaiswal","Y  Jaiswal","Rajasthan Royals","rajasthan royals","2021","Y  Jaiswal"
"YBK Jaiswal","Y  Jaiswal","Rajasthan Royals","rajasthan royals","2022","Y  Jaiswal"
"YBK Jaiswal","Y  Jaiswal","Rajasthan Royals","rajasthan royals","2023","Y  Jaiswal"
"YK Pathan","Y  Pathan","Kolkata Knight Riders","kolkata knight riders","2017","Y  Pathan"
"YK Pathan","Y  Pathan","Sunrisers Hyderabad","sunrisers hyderabad","2018","Y  Pathan"
"YK Pathan","Y  Pathan","Sunrisers Hyderabad","sunrisers hyderabad","2019","Y  Pathan"
"Yuvraj Singh","Y  Singh","Sunrisers Hyderabad","sunrisers hyderabad","2017","Y  Singh"
"Yuvraj Singh","Y  Singh","Punjab Kings","punjab kings","2018","Y  Singh"
"Yuvraj Singh","Y  Singh","Mumbai Indians","mumbai indians","2019","Y  Singh"
"Yash Thakur","Y  Thakur","Lucknow Super Giants","lucknow super giants","2023","Y  Thakur"
"Z Khan","Z  Khan","Delhi Daredevils","delhi daredevils","2017","Z  Khan"
